locus,orthology_group,protein_stable_id,species,orthology_designation,essential_gene_designation
ENSMUSG00000003153,19,ENSMUSP00000032476,mus_musculus,all life,eukaryotic
ENSMUSG00000005107,19,ENSMUSP00000063352,mus_musculus,all life,eukaryotic
ENSMUSG00000018566,19,ENSMUSP00000018710,mus_musculus,all life,eukaryotic
ENSMUSG00000026791,19,ENSMUSP00000028129,mus_musculus,all life,eukaryotic
ENSMUSG00000027690,19,ENSMUSP00000029240,mus_musculus,all life,eukaryotic
ENSMUSG00000028645,19,ENSMUSP00000030398,mus_musculus,all life,eukaryotic
SPAC20G8.03,19,SPAC20G8.03.1:pep,schizosaccharomyces_pombe,all life,eukaryotic
WBGene00009664,33,F43G9.1.2,caenorhabditis_elegans,all life,animal
b0175,78,AAC73286,escherichia_coli,all life,other
ENSMUSG00000058793,78,ENSMUSP00000099470,mus_musculus,all life,other
SPBC13A2.03,78,SPBC13A2.03.1:pep,schizosaccharomyces_pombe,all life,other
YBR029C,78,YBR029C,saccharomyces_cerevisiae,all life,other
ENSMUSG00000027452,244,ENSMUSP00000028944,mus_musculus,all life,eukaryotic
YLR153C,244,YLR153C,saccharomyces_cerevisiae,all life,eukaryotic
ENSMUSG00000027452,250,ENSMUSP00000028944,mus_musculus,all life,eukaryotic
YLR153C,250,YLR153C,saccharomyces_cerevisiae,all life,eukaryotic
ENSMUSG00000021036,331,ENSMUSP00000021424,mus_musculus,all life,eukaryotic
ENSMUSG00000021468,331,ENSMUSP00000021920,mus_musculus,all life,eukaryotic
ENSMUSG00000025270,331,ENSMUSP00000066040,mus_musculus,all life,eukaryotic
ENSMUSG00000032786,331,ENSMUSP00000117014,mus_musculus,all life,eukaryotic
SPAC21E11.08,331,SPAC21E11.08.1:pep,schizosaccharomyces_pombe,all life,eukaryotic
SPAC2F3.09,331,SPAC2F3.09.1:pep,schizosaccharomyces_pombe,all life,eukaryotic
YDR062W,331,YDR062W,saccharomyces_cerevisiae,all life,eukaryotic
YDR232W,331,YDR232W,saccharomyces_cerevisiae,all life,eukaryotic
AT1G12770,341,AT1G12770.2,arabidopsis_thaliana,all life,eukaryotic
AT1G59990,341,AT1G59990.1,arabidopsis_thaliana,all life,eukaryotic
AT5G26742,341,AT5G26742.2,arabidopsis_thaliana,all life,eukaryotic
ENSDARG00000005699,341,ENSDARP00000003250,danio_rerio,all life,eukaryotic
ENSDARG00000009864,341,ENSDARP00000020323,danio_rerio,all life,eukaryotic
ENSDARG00000020913,341,ENSDARP00000035846,danio_rerio,all life,eukaryotic
ENSDARG00000025854,341,ENSDARP00000029445,danio_rerio,all life,eukaryotic
ENSDARG00000030789,341,ENSDARP00000048752,danio_rerio,all life,eukaryotic
ENSDARG00000091831,341,ENSDARP00000105288,danio_rerio,all life,eukaryotic
ENSDARG00000092115,341,ENSDARP00000058912,danio_rerio,all life,eukaryotic
ENSMUSG00000000787,341,ENSMUSP00000000804,mus_musculus,all life,eukaryotic
ENSMUSG00000017999,341,ENSMUSP00000018143,mus_musculus,all life,eukaryotic
ENSMUSG00000020075,341,ENSMUSP00000042691,mus_musculus,all life,eukaryotic
ENSMUSG00000020705,341,ENSMUSP00000021046,mus_musculus,all life,eukaryotic
ENSMUSG00000020719,341,ENSMUSP00000021062,mus_musculus,all life,eukaryotic
ENSMUSG00000021494,341,ENSMUSP00000021956,mus_musculus,all life,eukaryotic
ENSMUSG00000021758,341,ENSMUSP00000096769,mus_musculus,all life,eukaryotic
ENSMUSG00000027905,341,ENSMUSP00000088176,mus_musculus,all life,eukaryotic
ENSMUSG00000029389,341,ENSMUSP00000070279,mus_musculus,all life,eukaryotic
ENSMUSG00000029504,341,ENSMUSP00000031478,mus_musculus,all life,eukaryotic
ENSMUSG00000029599,341,ENSMUSP00000031598,mus_musculus,all life,eukaryotic
ENSMUSG00000032101,341,ENSMUSP00000034612,mus_musculus,all life,eukaryotic
ENSMUSG00000039224,341,ENSMUSP00000035261,mus_musculus,all life,eukaryotic
ENSMUSG00000055065,341,ENSMUSP00000055535,mus_musculus,all life,eukaryotic
FBgn0001942,341,FBpp0297911,drosophila_melanogaster,all life,eukaryotic
SPAC1006.07,341,SPAC1006.07.1:pep,schizosaccharomyces_pombe,all life,eukaryotic
SPAC17G6.14c,341,SPAC17G6.14c.1:pep,schizosaccharomyces_pombe,all life,eukaryotic
SPAC30D11.03,341,SPAC30D11.03.1:pep,schizosaccharomyces_pombe,all life,eukaryotic
SPAC31A2.07c,341,SPAC31A2.07c.1:pep,schizosaccharomyces_pombe,all life,eukaryotic
SPAC823.08c,341,SPAC823.08c.1:pep,schizosaccharomyces_pombe,all life,eukaryotic
SPBC12C2.06,341,SPBC12C2.06.1:pep,schizosaccharomyces_pombe,all life,eukaryotic
SPCC10H11.01,341,SPCC10H11.01.1:pep,schizosaccharomyces_pombe,all life,eukaryotic
SPCC1795.11,341,SPCC1795.11.1:pep,schizosaccharomyces_pombe,all life,eukaryotic
WBGene00000479,341,C07H6.5.1,caenorhabditis_elegans,all life,eukaryotic
WBGene00012059,341,T26G10.1.1,caenorhabditis_elegans,all life,eukaryotic
WBGene00017162,341,F01F1.7.1,caenorhabditis_elegans,all life,eukaryotic
WBGene00018007,341,F33D11.10.1,caenorhabditis_elegans,all life,eukaryotic
WBGene00018997,341,F57B9.3.1,caenorhabditis_elegans,all life,eukaryotic
YDL084W,341,YDL084W,saccharomyces_cerevisiae,all life,eukaryotic
YOR046C,341,YOR046C,saccharomyces_cerevisiae,all life,eukaryotic
YOR204W,341,YOR204W,saccharomyces_cerevisiae,all life,eukaryotic
ENSMUSG00000030400,343,ENSMUSP00000054380,mus_musculus,all life,eukaryotic
ENSMUSG00000035842,343,ENSMUSP00000130440,mus_musculus,all life,eukaryotic
ENSMUSG00000038685,343,ENSMUSP00000053120,mus_musculus,all life,eukaryotic
SPAC1D4.12,343,SPAC1D4.12.1:pep,schizosaccharomyces_pombe,all life,eukaryotic
YER171W,343,YER171W,saccharomyces_cerevisiae,all life,eukaryotic
ENSDARG00000056119,360,ENSDARP00000072983,danio_rerio,all life,animal
ENSMUSG00000021033,360,ENSMUSP00000053540,mus_musculus,all life,animal
ENSDARG00000056119,463,ENSDARP00000072983,danio_rerio,all life,animal
b1207,518,AAC74291,escherichia_coli,all life,other
ENSMUSG00000031432,518,ENSMUSP00000033809,mus_musculus,all life,other
SPCC1620.06c,518,SPCC1620.06c.1:pep,schizosaccharomyces_pombe,all life,other
AT1G12770,601,AT1G12770.2,arabidopsis_thaliana,all life,eukaryotic
AT1G59990,601,AT1G59990.1,arabidopsis_thaliana,all life,eukaryotic
AT5G26742,601,AT5G26742.2,arabidopsis_thaliana,all life,eukaryotic
ENSDARG00000005699,601,ENSDARP00000003250,danio_rerio,all life,eukaryotic
ENSDARG00000009864,601,ENSDARP00000020323,danio_rerio,all life,eukaryotic
ENSDARG00000020913,601,ENSDARP00000035846,danio_rerio,all life,eukaryotic
ENSDARG00000030789,601,ENSDARP00000048752,danio_rerio,all life,eukaryotic
ENSDARG00000091831,601,ENSDARP00000105288,danio_rerio,all life,eukaryotic
ENSDARG00000092115,601,ENSDARP00000058912,danio_rerio,all life,eukaryotic
ENSMUSG00000000787,601,ENSMUSP00000000804,mus_musculus,all life,eukaryotic
ENSMUSG00000020075,601,ENSMUSP00000042691,mus_musculus,all life,eukaryotic
ENSMUSG00000020719,601,ENSMUSP00000021062,mus_musculus,all life,eukaryotic
ENSMUSG00000021494,601,ENSMUSP00000021956,mus_musculus,all life,eukaryotic
ENSMUSG00000021758,601,ENSMUSP00000096769,mus_musculus,all life,eukaryotic
ENSMUSG00000027905,601,ENSMUSP00000088176,mus_musculus,all life,eukaryotic
ENSMUSG00000029389,601,ENSMUSP00000070279,mus_musculus,all life,eukaryotic
ENSMUSG00000029504,601,ENSMUSP00000031478,mus_musculus,all life,eukaryotic
ENSMUSG00000029599,601,ENSMUSP00000031598,mus_musculus,all life,eukaryotic
ENSMUSG00000032101,601,ENSMUSP00000034612,mus_musculus,all life,eukaryotic
ENSMUSG00000039224,601,ENSMUSP00000035261,mus_musculus,all life,eukaryotic
ENSMUSG00000055065,601,ENSMUSP00000055535,mus_musculus,all life,eukaryotic
FBgn0001942,601,FBpp0297911,drosophila_melanogaster,all life,eukaryotic
SPAC1006.07,601,SPAC1006.07.1:pep,schizosaccharomyces_pombe,all life,eukaryotic
SPAC1093.05,601,SPAC1093.05.1:pep,schizosaccharomyces_pombe,all life,eukaryotic
SPAC17G6.14c,601,SPAC17G6.14c.1:pep,schizosaccharomyces_pombe,all life,eukaryotic
SPAC1F7.02c,601,SPAC1F7.02c.1:pep,schizosaccharomyces_pombe,all life,eukaryotic
SPAC30D11.03,601,SPAC30D11.03.1:pep,schizosaccharomyces_pombe,all life,eukaryotic
SPAC31A2.07c,601,SPAC31A2.07c.1:pep,schizosaccharomyces_pombe,all life,eukaryotic
SPAC823.08c,601,SPAC823.08c.1:pep,schizosaccharomyces_pombe,all life,eukaryotic
SPBC12C2.06,601,SPBC12C2.06.1:pep,schizosaccharomyces_pombe,all life,eukaryotic
SPBC24C6.02,601,SPBC24C6.02.1:pep,schizosaccharomyces_pombe,all life,eukaryotic
SPBC4F6.07c,601,SPBC4F6.07c.1:pep,schizosaccharomyces_pombe,all life,eukaryotic
SPCC10H11.01,601,SPCC10H11.01.1:pep,schizosaccharomyces_pombe,all life,eukaryotic
WBGene00017162,601,F01F1.7.1,caenorhabditis_elegans,all life,eukaryotic
WBGene00018007,601,F33D11.10.1,caenorhabditis_elegans,all life,eukaryotic
WBGene00018997,601,F57B9.3.1,caenorhabditis_elegans,all life,eukaryotic
YBR142W,601,YBR142W,saccharomyces_cerevisiae,all life,eukaryotic
YDL031W,601,YDL031W,saccharomyces_cerevisiae,all life,eukaryotic
YDL084W,601,YDL084W,saccharomyces_cerevisiae,all life,eukaryotic
YDR021W,601,YDR021W,saccharomyces_cerevisiae,all life,eukaryotic
YDR243C,601,YDR243C,saccharomyces_cerevisiae,all life,eukaryotic
YFL002C,601,YFL002C,saccharomyces_cerevisiae,all life,eukaryotic
YGL171W,601,YGL171W,saccharomyces_cerevisiae,all life,eukaryotic
YHR065C,601,YHR065C,saccharomyces_cerevisiae,all life,eukaryotic
YHR169W,601,YHR169W,saccharomyces_cerevisiae,all life,eukaryotic
YJL033W,601,YJL033W,saccharomyces_cerevisiae,all life,eukaryotic
YLL008W,601,YLL008W,saccharomyces_cerevisiae,all life,eukaryotic
YLR276C,601,YLR276C,saccharomyces_cerevisiae,all life,eukaryotic
YMR290C,601,YMR290C,saccharomyces_cerevisiae,all life,eukaryotic
YNL112W,601,YNL112W,saccharomyces_cerevisiae,all life,eukaryotic
YNR038W,601,YNR038W,saccharomyces_cerevisiae,all life,eukaryotic
YOR046C,601,YOR046C,saccharomyces_cerevisiae,all life,eukaryotic
ENSMUSG00000004319,715,ENSMUSP00000004430,mus_musculus,all life,animal
ENSMUSG00000022843,715,ENSMUSP00000007207,mus_musculus,all life,animal
ENSMUSG00000029862,715,ENSMUSP00000031894,mus_musculus,all life,animal
ENSMUSG00000036636,715,ENSMUSP00000035964,mus_musculus,all life,animal
ENSMUSG00000030400,838,ENSMUSP00000054380,mus_musculus,all life,eukaryotic
ENSMUSG00000035842,838,ENSMUSP00000130440,mus_musculus,all life,eukaryotic
ENSMUSG00000038685,838,ENSMUSP00000053120,mus_musculus,all life,eukaryotic
SPAC1D4.12,838,SPAC1D4.12.1:pep,schizosaccharomyces_pombe,all life,eukaryotic
YER171W,838,YER171W,saccharomyces_cerevisiae,all life,eukaryotic
FBgn0024362,893,FBpp0070202,drosophila_melanogaster,all life,eukaryotic
SPAC15E1.08,893,SPAC15E1.08.1:pep,schizosaccharomyces_pombe,all life,eukaryotic
AT1G12770,1026,AT1G12770.2,arabidopsis_thaliana,all life,eukaryotic
AT1G59990,1026,AT1G59990.1,arabidopsis_thaliana,all life,eukaryotic
AT5G26742,1026,AT5G26742.2,arabidopsis_thaliana,all life,eukaryotic
ENSDARG00000005699,1026,ENSDARP00000003250,danio_rerio,all life,eukaryotic
ENSDARG00000009864,1026,ENSDARP00000020323,danio_rerio,all life,eukaryotic
ENSDARG00000020913,1026,ENSDARP00000035846,danio_rerio,all life,eukaryotic
ENSDARG00000025854,1026,ENSDARP00000029445,danio_rerio,all life,eukaryotic
ENSDARG00000030789,1026,ENSDARP00000048752,danio_rerio,all life,eukaryotic
ENSDARG00000091831,1026,ENSDARP00000105288,danio_rerio,all life,eukaryotic
ENSDARG00000092115,1026,ENSDARP00000058912,danio_rerio,all life,eukaryotic
ENSMUSG00000000787,1026,ENSMUSP00000000804,mus_musculus,all life,eukaryotic
ENSMUSG00000017999,1026,ENSMUSP00000018143,mus_musculus,all life,eukaryotic
ENSMUSG00000020075,1026,ENSMUSP00000042691,mus_musculus,all life,eukaryotic
ENSMUSG00000020705,1026,ENSMUSP00000021046,mus_musculus,all life,eukaryotic
ENSMUSG00000020719,1026,ENSMUSP00000021062,mus_musculus,all life,eukaryotic
ENSMUSG00000021494,1026,ENSMUSP00000021956,mus_musculus,all life,eukaryotic
ENSMUSG00000021758,1026,ENSMUSP00000096769,mus_musculus,all life,eukaryotic
ENSMUSG00000027905,1026,ENSMUSP00000088176,mus_musculus,all life,eukaryotic
ENSMUSG00000029389,1026,ENSMUSP00000070279,mus_musculus,all life,eukaryotic
ENSMUSG00000029504,1026,ENSMUSP00000031478,mus_musculus,all life,eukaryotic
ENSMUSG00000029599,1026,ENSMUSP00000031598,mus_musculus,all life,eukaryotic
ENSMUSG00000032101,1026,ENSMUSP00000034612,mus_musculus,all life,eukaryotic
ENSMUSG00000039224,1026,ENSMUSP00000035261,mus_musculus,all life,eukaryotic
ENSMUSG00000055065,1026,ENSMUSP00000055535,mus_musculus,all life,eukaryotic
FBgn0001942,1026,FBpp0297911,drosophila_melanogaster,all life,eukaryotic
SPAC1006.07,1026,SPAC1006.07.1:pep,schizosaccharomyces_pombe,all life,eukaryotic
SPAC1093.05,1026,SPAC1093.05.1:pep,schizosaccharomyces_pombe,all life,eukaryotic
SPAC17G6.14c,1026,SPAC17G6.14c.1:pep,schizosaccharomyces_pombe,all life,eukaryotic
SPAC1F7.02c,1026,SPAC1F7.02c.1:pep,schizosaccharomyces_pombe,all life,eukaryotic
SPAC30D11.03,1026,SPAC30D11.03.1:pep,schizosaccharomyces_pombe,all life,eukaryotic
SPAC31A2.07c,1026,SPAC31A2.07c.1:pep,schizosaccharomyces_pombe,all life,eukaryotic
SPAC823.08c,1026,SPAC823.08c.1:pep,schizosaccharomyces_pombe,all life,eukaryotic
SPBC12C2.06,1026,SPBC12C2.06.1:pep,schizosaccharomyces_pombe,all life,eukaryotic
SPBC24C6.02,1026,SPBC24C6.02.1:pep,schizosaccharomyces_pombe,all life,eukaryotic
SPBC4F6.07c,1026,SPBC4F6.07c.1:pep,schizosaccharomyces_pombe,all life,eukaryotic
SPBC543.06c,1026,SPBC543.06c.1:pep,schizosaccharomyces_pombe,all life,eukaryotic
SPCC10H11.01,1026,SPCC10H11.01.1:pep,schizosaccharomyces_pombe,all life,eukaryotic
SPCC1494.06c,1026,SPCC1494.06c.1:pep,schizosaccharomyces_pombe,all life,eukaryotic
SPCC1795.11,1026,SPCC1795.11.1:pep,schizosaccharomyces_pombe,all life,eukaryotic
SPCC285.03,1026,SPCC285.03.1:pep,schizosaccharomyces_pombe,all life,eukaryotic
SPCC63.11,1026,SPCC63.11.1:pep,schizosaccharomyces_pombe,all life,eukaryotic
WBGene00000479,1026,C07H6.5.1,caenorhabditis_elegans,all life,eukaryotic
WBGene00012059,1026,T26G10.1.1,caenorhabditis_elegans,all life,eukaryotic
WBGene00017162,1026,F01F1.7.1,caenorhabditis_elegans,all life,eukaryotic
WBGene00018007,1026,F33D11.10.1,caenorhabditis_elegans,all life,eukaryotic
WBGene00018997,1026,F57B9.3.1,caenorhabditis_elegans,all life,eukaryotic
YBR142W,1026,YBR142W,saccharomyces_cerevisiae,all life,eukaryotic
YDL031W,1026,YDL031W,saccharomyces_cerevisiae,all life,eukaryotic
YDL084W,1026,YDL084W,saccharomyces_cerevisiae,all life,eukaryotic
YDR021W,1026,YDR021W,saccharomyces_cerevisiae,all life,eukaryotic
YDR243C,1026,YDR243C,saccharomyces_cerevisiae,all life,eukaryotic
YFL002C,1026,YFL002C,saccharomyces_cerevisiae,all life,eukaryotic
YGL171W,1026,YGL171W,saccharomyces_cerevisiae,all life,eukaryotic
YHR065C,1026,YHR065C,saccharomyces_cerevisiae,all life,eukaryotic
YHR169W,1026,YHR169W,saccharomyces_cerevisiae,all life,eukaryotic
YJL033W,1026,YJL033W,saccharomyces_cerevisiae,all life,eukaryotic
YLL008W,1026,YLL008W,saccharomyces_cerevisiae,all life,eukaryotic
YLR276C,1026,YLR276C,saccharomyces_cerevisiae,all life,eukaryotic
YMR290C,1026,YMR290C,saccharomyces_cerevisiae,all life,eukaryotic
YNL112W,1026,YNL112W,saccharomyces_cerevisiae,all life,eukaryotic
YNR038W,1026,YNR038W,saccharomyces_cerevisiae,all life,eukaryotic
YOR046C,1026,YOR046C,saccharomyces_cerevisiae,all life,eukaryotic
YOR204W,1026,YOR204W,saccharomyces_cerevisiae,all life,eukaryotic
ENSMUSG00000030500,1055,ENSMUSP00000032710,mus_musculus,all life,eukaryotic
ENSMUSG00000032114,1055,ENSMUSP00000150843,mus_musculus,all life,eukaryotic
ENSMUSG00000049624,1055,ENSMUSP00000056182,mus_musculus,all life,eukaryotic
ENSMUSG00000070570,1055,ENSMUSP00000082489,mus_musculus,all life,eukaryotic
SPAC1002.16c,1055,SPAC1002.16c.1:pep,schizosaccharomyces_pombe,all life,eukaryotic
YGR065C,1055,YGR065C,saccharomyces_cerevisiae,all life,eukaryotic
ENSMUSG00000030500,1060,ENSMUSP00000032710,mus_musculus,all life,animal
ENSMUSG00000032114,1060,ENSMUSP00000150843,mus_musculus,all life,animal
ENSMUSG00000049624,1060,ENSMUSP00000056182,mus_musculus,all life,animal
ENSMUSG00000070570,1060,ENSMUSP00000082489,mus_musculus,all life,animal
YHR128W,1197,YHR128W,saccharomyces_cerevisiae,all life,unicellular
AT2G31060,1243,AT2G31060.3,arabidopsis_thaliana,all life,eukaryotic
ENSDARG00000008292,1243,ENSDARP00000027695,danio_rerio,all life,eukaryotic
ENSMUSG00000016349,1243,ENSMUSP00000054556,mus_musculus,all life,eukaryotic
ENSMUSG00000019977,1243,ENSMUSP00000151689,mus_musculus,all life,eukaryotic
ENSMUSG00000020929,1243,ENSMUSP00000021306,mus_musculus,all life,eukaryotic
ENSMUSG00000023952,1243,ENSMUSP00000024748,mus_musculus,all life,eukaryotic
ENSMUSG00000027774,1243,ENSMUSP00000076503,mus_musculus,all life,eukaryotic
ENSMUSG00000034994,1243,ENSMUSP00000046101,mus_musculus,all life,eukaryotic
SPAC56F8.03,1243,SPAC56F8.03.1:pep,schizosaccharomyces_pombe,all life,eukaryotic
SPCC584.04,1243,SPCC584.04.1:pep,schizosaccharomyces_pombe,all life,eukaryotic
WBGene00001166,1243,ZK328.2.1,caenorhabditis_elegans,all life,eukaryotic
WBGene00001167,1243,F25H5.4a.3,caenorhabditis_elegans,all life,eukaryotic
WBGene00009246,1243,F29C12.4.2,caenorhabditis_elegans,all life,eukaryotic
YDR172W,1243,YDR172W,saccharomyces_cerevisiae,all life,eukaryotic
YER025W,1243,YER025W,saccharomyces_cerevisiae,all life,eukaryotic
YKL173W,1243,YKL173W,saccharomyces_cerevisiae,all life,eukaryotic
YNL163C,1243,YNL163C,saccharomyces_cerevisiae,all life,eukaryotic
ENSMUSG00000003153,1254,ENSMUSP00000032476,mus_musculus,all life,eukaryotic
ENSMUSG00000005107,1254,ENSMUSP00000063352,mus_musculus,all life,eukaryotic
ENSMUSG00000018566,1254,ENSMUSP00000018710,mus_musculus,all life,eukaryotic
ENSMUSG00000026791,1254,ENSMUSP00000028129,mus_musculus,all life,eukaryotic
ENSMUSG00000027690,1254,ENSMUSP00000029240,mus_musculus,all life,eukaryotic
ENSMUSG00000028645,1254,ENSMUSP00000030398,mus_musculus,all life,eukaryotic
SPAC20G8.03,1254,SPAC20G8.03.1:pep,schizosaccharomyces_pombe,all life,eukaryotic
AT2G31060,1330,AT2G31060.3,arabidopsis_thaliana,all life,eukaryotic
ENSDARG00000008292,1330,ENSDARP00000027695,danio_rerio,all life,eukaryotic
ENSMUSG00000016349,1330,ENSMUSP00000054556,mus_musculus,all life,eukaryotic
SPAC56F8.03,1330,SPAC56F8.03.1:pep,schizosaccharomyces_pombe,all life,eukaryotic
SPCC584.04,1330,SPCC584.04.1:pep,schizosaccharomyces_pombe,all life,eukaryotic
YDR172W,1330,YDR172W,saccharomyces_cerevisiae,all life,eukaryotic
YER025W,1330,YER025W,saccharomyces_cerevisiae,all life,eukaryotic
ENSMUSG00000003153,1339,ENSMUSP00000032476,mus_musculus,all life,eukaryotic
ENSMUSG00000005107,1339,ENSMUSP00000063352,mus_musculus,all life,eukaryotic
ENSMUSG00000018566,1339,ENSMUSP00000018710,mus_musculus,all life,eukaryotic
ENSMUSG00000026791,1339,ENSMUSP00000028129,mus_musculus,all life,eukaryotic
ENSMUSG00000027690,1339,ENSMUSP00000029240,mus_musculus,all life,eukaryotic
ENSMUSG00000028645,1339,ENSMUSP00000030398,mus_musculus,all life,eukaryotic
SPAC20G8.03,1339,SPAC20G8.03.1:pep,schizosaccharomyces_pombe,all life,eukaryotic
AT3G12670,1345,AT3G12670.1,arabidopsis_thaliana,all life,other
b2780,1345,AAC75822,escherichia_coli,all life,other
SPAC10F6.03c,1345,SPAC10F6.03c.1:pep,schizosaccharomyces_pombe,all life,other
WBGene00012316,1345,W06H3.3.1,caenorhabditis_elegans,all life,other
ENSMUSG00000030500,1351,ENSMUSP00000032710,mus_musculus,all life,eukaryotic
ENSMUSG00000032114,1351,ENSMUSP00000150843,mus_musculus,all life,eukaryotic
ENSMUSG00000049624,1351,ENSMUSP00000056182,mus_musculus,all life,eukaryotic
ENSMUSG00000070570,1351,ENSMUSP00000082489,mus_musculus,all life,eukaryotic
SPAC1002.16c,1351,SPAC1002.16c.1:pep,schizosaccharomyces_pombe,all life,eukaryotic
YGR065C,1351,YGR065C,saccharomyces_cerevisiae,all life,eukaryotic
AT1G08840,1367,AT1G08840.3,arabidopsis_thaliana,all life,eukaryotic
AT2G38770,1367,AT2G38770.1,arabidopsis_thaliana,all life,eukaryotic
ENSMUSG00000015365,1367,ENSMUSP00000015509,mus_musculus,all life,eukaryotic
ENSMUSG00000024831,1367,ENSMUSP00000025751,mus_musculus,all life,eukaryotic
ENSMUSG00000036875,1367,ENSMUSP00000115750,mus_musculus,all life,eukaryotic
ENSMUSG00000043535,1367,ENSMUSP00000051492,mus_musculus,all life,eukaryotic
ENSMUSG00000058301,1367,ENSMUSP00000075089,mus_musculus,all life,eukaryotic
SPBC16D10.04c,1367,SPBC16D10.04c.1:pep,schizosaccharomyces_pombe,all life,eukaryotic
YHR164C,1367,YHR164C,saccharomyces_cerevisiae,all life,eukaryotic
YLR430W,1367,YLR430W,saccharomyces_cerevisiae,all life,eukaryotic
ENSMUSG00000074797,1443,ENSMUSP00000099482,mus_musculus,all life,animal
ENSMUSG00000030500,1519,ENSMUSP00000032710,mus_musculus,all life,eukaryotic
ENSMUSG00000032114,1519,ENSMUSP00000150843,mus_musculus,all life,eukaryotic
ENSMUSG00000049624,1519,ENSMUSP00000056182,mus_musculus,all life,eukaryotic
ENSMUSG00000070570,1519,ENSMUSP00000082489,mus_musculus,all life,eukaryotic
SPAC1002.16c,1519,SPAC1002.16c.1:pep,schizosaccharomyces_pombe,all life,eukaryotic
YGR065C,1519,YGR065C,saccharomyces_cerevisiae,all life,eukaryotic
ENSMUSG00000030500,1537,ENSMUSP00000032710,mus_musculus,all life,eukaryotic
ENSMUSG00000032114,1537,ENSMUSP00000150843,mus_musculus,all life,eukaryotic
ENSMUSG00000049624,1537,ENSMUSP00000056182,mus_musculus,all life,eukaryotic
ENSMUSG00000070570,1537,ENSMUSP00000082489,mus_musculus,all life,eukaryotic
SPAC1002.16c,1537,SPAC1002.16c.1:pep,schizosaccharomyces_pombe,all life,eukaryotic
YGR065C,1537,YGR065C,saccharomyces_cerevisiae,all life,eukaryotic
ENSMUSG00000006345,1707,ENSMUSP00000006508,mus_musculus,all life,eukaryotic
SPAC664.09,1707,SPAC664.09.1:pep,schizosaccharomyces_pombe,all life,eukaryotic
ENSMUSG00000003153,1751,ENSMUSP00000032476,mus_musculus,all life,eukaryotic
ENSMUSG00000005107,1751,ENSMUSP00000063352,mus_musculus,all life,eukaryotic
ENSMUSG00000018566,1751,ENSMUSP00000018710,mus_musculus,all life,eukaryotic
ENSMUSG00000026791,1751,ENSMUSP00000028129,mus_musculus,all life,eukaryotic
ENSMUSG00000027690,1751,ENSMUSP00000029240,mus_musculus,all life,eukaryotic
ENSMUSG00000028645,1751,ENSMUSP00000030398,mus_musculus,all life,eukaryotic
SPAC20G8.03,1751,SPAC20G8.03.1:pep,schizosaccharomyces_pombe,all life,eukaryotic
ENSMUSG00000031381,1816,ENSMUSP00000107874,mus_musculus,all life,eukaryotic
SPBC3D6.07,1816,SPBC3D6.07.1:pep,schizosaccharomyces_pombe,all life,eukaryotic
WBGene00017282,1816,F09E5.2.1,caenorhabditis_elegans,all life,eukaryotic
YGL065C,1816,YGL065C,saccharomyces_cerevisiae,all life,eukaryotic
YPL175W,1816,YPL175W,saccharomyces_cerevisiae,all life,eukaryotic
ENSMUSG00000030500,1839,ENSMUSP00000032710,mus_musculus,all life,eukaryotic
ENSMUSG00000032114,1839,ENSMUSP00000150843,mus_musculus,all life,eukaryotic
ENSMUSG00000049624,1839,ENSMUSP00000056182,mus_musculus,all life,eukaryotic
ENSMUSG00000070570,1839,ENSMUSP00000082489,mus_musculus,all life,eukaryotic
SPAC1002.16c,1839,SPAC1002.16c.1:pep,schizosaccharomyces_pombe,all life,eukaryotic
YGR065C,1839,YGR065C,saccharomyces_cerevisiae,all life,eukaryotic
ENSMUSG00000030500,1855,ENSMUSP00000032710,mus_musculus,all life,eukaryotic
ENSMUSG00000032114,1855,ENSMUSP00000150843,mus_musculus,all life,eukaryotic
ENSMUSG00000049624,1855,ENSMUSP00000056182,mus_musculus,all life,eukaryotic
ENSMUSG00000070570,1855,ENSMUSP00000082489,mus_musculus,all life,eukaryotic
SPAC1002.16c,1855,SPAC1002.16c.1:pep,schizosaccharomyces_pombe,all life,eukaryotic
YGR065C,1855,YGR065C,saccharomyces_cerevisiae,all life,eukaryotic
AT1G12770,1905,AT1G12770.2,arabidopsis_thaliana,all life,eukaryotic
AT1G59990,1905,AT1G59990.1,arabidopsis_thaliana,all life,eukaryotic
AT5G26742,1905,AT5G26742.2,arabidopsis_thaliana,all life,eukaryotic
ENSDARG00000005699,1905,ENSDARP00000003250,danio_rerio,all life,eukaryotic
ENSDARG00000009864,1905,ENSDARP00000020323,danio_rerio,all life,eukaryotic
ENSDARG00000020913,1905,ENSDARP00000035846,danio_rerio,all life,eukaryotic
ENSDARG00000025854,1905,ENSDARP00000029445,danio_rerio,all life,eukaryotic
ENSDARG00000030789,1905,ENSDARP00000048752,danio_rerio,all life,eukaryotic
ENSDARG00000091831,1905,ENSDARP00000105288,danio_rerio,all life,eukaryotic
ENSDARG00000092115,1905,ENSDARP00000058912,danio_rerio,all life,eukaryotic
ENSMUSG00000000787,1905,ENSMUSP00000000804,mus_musculus,all life,eukaryotic
ENSMUSG00000017999,1905,ENSMUSP00000018143,mus_musculus,all life,eukaryotic
ENSMUSG00000020075,1905,ENSMUSP00000042691,mus_musculus,all life,eukaryotic
ENSMUSG00000020705,1905,ENSMUSP00000021046,mus_musculus,all life,eukaryotic
ENSMUSG00000020719,1905,ENSMUSP00000021062,mus_musculus,all life,eukaryotic
ENSMUSG00000021494,1905,ENSMUSP00000021956,mus_musculus,all life,eukaryotic
ENSMUSG00000021758,1905,ENSMUSP00000096769,mus_musculus,all life,eukaryotic
ENSMUSG00000027905,1905,ENSMUSP00000088176,mus_musculus,all life,eukaryotic
ENSMUSG00000029389,1905,ENSMUSP00000070279,mus_musculus,all life,eukaryotic
ENSMUSG00000029504,1905,ENSMUSP00000031478,mus_musculus,all life,eukaryotic
ENSMUSG00000029599,1905,ENSMUSP00000031598,mus_musculus,all life,eukaryotic
ENSMUSG00000032101,1905,ENSMUSP00000034612,mus_musculus,all life,eukaryotic
ENSMUSG00000039224,1905,ENSMUSP00000035261,mus_musculus,all life,eukaryotic
ENSMUSG00000055065,1905,ENSMUSP00000055535,mus_musculus,all life,eukaryotic
FBgn0001942,1905,FBpp0297911,drosophila_melanogaster,all life,eukaryotic
SPAC1006.07,1905,SPAC1006.07.1:pep,schizosaccharomyces_pombe,all life,eukaryotic
SPAC1093.05,1905,SPAC1093.05.1:pep,schizosaccharomyces_pombe,all life,eukaryotic
SPAC17G6.14c,1905,SPAC17G6.14c.1:pep,schizosaccharomyces_pombe,all life,eukaryotic
SPAC1F7.02c,1905,SPAC1F7.02c.1:pep,schizosaccharomyces_pombe,all life,eukaryotic
SPAC30D11.03,1905,SPAC30D11.03.1:pep,schizosaccharomyces_pombe,all life,eukaryotic
SPAC31A2.07c,1905,SPAC31A2.07c.1:pep,schizosaccharomyces_pombe,all life,eukaryotic
SPAC823.08c,1905,SPAC823.08c.1:pep,schizosaccharomyces_pombe,all life,eukaryotic
SPBC12C2.06,1905,SPBC12C2.06.1:pep,schizosaccharomyces_pombe,all life,eukaryotic
SPBC24C6.02,1905,SPBC24C6.02.1:pep,schizosaccharomyces_pombe,all life,eukaryotic
SPBC4F6.07c,1905,SPBC4F6.07c.1:pep,schizosaccharomyces_pombe,all life,eukaryotic
SPBC543.06c,1905,SPBC543.06c.1:pep,schizosaccharomyces_pombe,all life,eukaryotic
SPCC10H11.01,1905,SPCC10H11.01.1:pep,schizosaccharomyces_pombe,all life,eukaryotic
SPCC1494.06c,1905,SPCC1494.06c.1:pep,schizosaccharomyces_pombe,all life,eukaryotic
SPCC1795.11,1905,SPCC1795.11.1:pep,schizosaccharomyces_pombe,all life,eukaryotic
SPCC285.03,1905,SPCC285.03.1:pep,schizosaccharomyces_pombe,all life,eukaryotic
SPCC63.11,1905,SPCC63.11.1:pep,schizosaccharomyces_pombe,all life,eukaryotic
WBGene00000479,1905,C07H6.5.1,caenorhabditis_elegans,all life,eukaryotic
WBGene00012059,1905,T26G10.1.1,caenorhabditis_elegans,all life,eukaryotic
WBGene00017162,1905,F01F1.7.1,caenorhabditis_elegans,all life,eukaryotic
WBGene00018007,1905,F33D11.10.1,caenorhabditis_elegans,all life,eukaryotic
WBGene00018997,1905,F57B9.3.1,caenorhabditis_elegans,all life,eukaryotic
YBR142W,1905,YBR142W,saccharomyces_cerevisiae,all life,eukaryotic
YDL031W,1905,YDL031W,saccharomyces_cerevisiae,all life,eukaryotic
YDL084W,1905,YDL084W,saccharomyces_cerevisiae,all life,eukaryotic
YDR021W,1905,YDR021W,saccharomyces_cerevisiae,all life,eukaryotic
YDR243C,1905,YDR243C,saccharomyces_cerevisiae,all life,eukaryotic
YFL002C,1905,YFL002C,saccharomyces_cerevisiae,all life,eukaryotic
YGL171W,1905,YGL171W,saccharomyces_cerevisiae,all life,eukaryotic
YHR065C,1905,YHR065C,saccharomyces_cerevisiae,all life,eukaryotic
YHR169W,1905,YHR169W,saccharomyces_cerevisiae,all life,eukaryotic
YJL033W,1905,YJL033W,saccharomyces_cerevisiae,all life,eukaryotic
YLL008W,1905,YLL008W,saccharomyces_cerevisiae,all life,eukaryotic
YLR276C,1905,YLR276C,saccharomyces_cerevisiae,all life,eukaryotic
YMR290C,1905,YMR290C,saccharomyces_cerevisiae,all life,eukaryotic
YNL112W,1905,YNL112W,saccharomyces_cerevisiae,all life,eukaryotic
YNR038W,1905,YNR038W,saccharomyces_cerevisiae,all life,eukaryotic
YOR046C,1905,YOR046C,saccharomyces_cerevisiae,all life,eukaryotic
YOR204W,1905,YOR204W,saccharomyces_cerevisiae,all life,eukaryotic
ENSMUSG00000030061,2023,ENSMUSP00000086701,mus_musculus,all life,eukaryotic
ENSMUSG00000030314,2023,ENSMUSP00000133215,mus_musculus,all life,eukaryotic
ENSMUSG00000031878,2023,ENSMUSP00000034349,mus_musculus,all life,eukaryotic
ENSMUSG00000032557,2023,ENSMUSP00000035166,mus_musculus,all life,eukaryotic
ENSMUSG00000035898,2023,ENSMUSP00000035328,mus_musculus,all life,eukaryotic
ENSMUSG00000052997,2023,ENSMUSP00000099807,mus_musculus,all life,eukaryotic
SPAC24H6.12c,2023,SPAC24H6.12c.1:pep,schizosaccharomyces_pombe,all life,eukaryotic
WBGene00006735,2023,C26E6.8b.1,caenorhabditis_elegans,all life,eukaryotic
YDR390C,2023,YDR390C,saccharomyces_cerevisiae,all life,eukaryotic
FBgn0024362,2032,FBpp0070202,drosophila_melanogaster,all life,eukaryotic
SPAC15E1.08,2032,SPAC15E1.08.1:pep,schizosaccharomyces_pombe,all life,eukaryotic
ENSMUSG00000003153,2044,ENSMUSP00000032476,mus_musculus,all life,eukaryotic
ENSMUSG00000005107,2044,ENSMUSP00000063352,mus_musculus,all life,eukaryotic
ENSMUSG00000018566,2044,ENSMUSP00000018710,mus_musculus,all life,eukaryotic
ENSMUSG00000026791,2044,ENSMUSP00000028129,mus_musculus,all life,eukaryotic
ENSMUSG00000027690,2044,ENSMUSP00000029240,mus_musculus,all life,eukaryotic
ENSMUSG00000028645,2044,ENSMUSP00000030398,mus_musculus,all life,eukaryotic
SPAC20G8.03,2044,SPAC20G8.03.1:pep,schizosaccharomyces_pombe,all life,eukaryotic
ENSMUSG00000028854,2064,ENSMUSP00000030669,mus_musculus,all life,animal
ENSMUSG00000033210,2064,ENSMUSP00000124969,mus_musculus,all life,animal
ENSMUSG00000036123,2064,ENSMUSP00000038142,mus_musculus,all life,animal
ENSMUSG00000039463,2064,ENSMUSP00000044185,mus_musculus,all life,animal
WBGene00003730,2064,B0495.4.1,caenorhabditis_elegans,all life,animal
ENSMUSG00000003153,2086,ENSMUSP00000032476,mus_musculus,all life,animal
ENSMUSG00000005107,2086,ENSMUSP00000063352,mus_musculus,all life,animal
ENSMUSG00000018566,2086,ENSMUSP00000018710,mus_musculus,all life,animal
ENSMUSG00000027690,2086,ENSMUSP00000029240,mus_musculus,all life,animal
ENSMUSG00000028645,2086,ENSMUSP00000030398,mus_musculus,all life,animal
ENSMUSG00000030500,2220,ENSMUSP00000032710,mus_musculus,all life,eukaryotic
ENSMUSG00000032114,2220,ENSMUSP00000150843,mus_musculus,all life,eukaryotic
ENSMUSG00000049624,2220,ENSMUSP00000056182,mus_musculus,all life,eukaryotic
ENSMUSG00000070570,2220,ENSMUSP00000082489,mus_musculus,all life,eukaryotic
SPAC1002.16c,2220,SPAC1002.16c.1:pep,schizosaccharomyces_pombe,all life,eukaryotic
YGR065C,2220,YGR065C,saccharomyces_cerevisiae,all life,eukaryotic
ENSMUSG00000025270,50947,ENSMUSP00000066040,mus_musculus,all life,eukaryotic
SPAC21E11.08,50947,SPAC21E11.08.1:pep,schizosaccharomyces_pombe,all life,eukaryotic
SPAC2F3.09,50947,SPAC2F3.09.1:pep,schizosaccharomyces_pombe,all life,eukaryotic
YDR062W,50947,YDR062W,saccharomyces_cerevisiae,all life,eukaryotic
YDR232W,50947,YDR232W,saccharomyces_cerevisiae,all life,eukaryotic
ENSMUSG00000033792,51051,ENSMUSP00000058840,mus_musculus,all life,eukaryotic
SPAC1071.10c,51051,SPAC1071.10c.1:pep,schizosaccharomyces_pombe,all life,eukaryotic
YGL008C,51051,YGL008C,saccharomyces_cerevisiae,all life,eukaryotic
b2926,51052,AAC75963,escherichia_coli,all life,unicellular
SPBC14F5.04c,51052,SPBC14F5.04c.1:pep,schizosaccharomyces_pombe,all life,unicellular
YCR012W,51052,YCR012W,saccharomyces_cerevisiae,all life,unicellular
ENSMUSG00000031278,51177,ENSMUSP00000033634,mus_musculus,all life,animal
ENSMUSG00000031349,51388,ENSMUSP00000033715,mus_musculus,all life,eukaryotic
SPBC3F6.02c,51388,SPBC3F6.02c.1:pep,schizosaccharomyces_pombe,all life,eukaryotic
YGL001C,51388,YGL001C,saccharomyces_cerevisiae,all life,eukaryotic
SPAC1071.10c,51402,SPAC1071.10c.1:pep,schizosaccharomyces_pombe,all life,unicellular
YGL008C,51402,YGL008C,saccharomyces_cerevisiae,all life,unicellular
SPAC15E1.08,51417,SPAC15E1.08.1:pep,schizosaccharomyces_pombe,all life,unicellular
ENSMUSG00000031400,51442,ENSMUSP00000004327,mus_musculus,all life,eukaryotic
SPAC3A12.18,51442,SPAC3A12.18.1:pep,schizosaccharomyces_pombe,all life,eukaryotic
WBGene00007108,51442,B0035.5.1,caenorhabditis_elegans,all life,eukaryotic
SPAC1071.10c,51500,SPAC1071.10c.1:pep,schizosaccharomyces_pombe,all life,unicellular
YGL008C,51500,YGL008C,saccharomyces_cerevisiae,all life,unicellular
ENSMUSG00000041313,51530,ENSMUSP00000046714,mus_musculus,all life,animal
AT5G27740,51550,AT5G27740.1,arabidopsis_thaliana,all life,other
b0470,51550,AAC73572,escherichia_coli,all life,other
b1099,51550,AAC74183,escherichia_coli,all life,other
SPBC83.14c,51550,SPBC83.14c.1:pep,schizosaccharomyces_pombe,all life,other
WBGene00004339,51550,C39E9.13.1,caenorhabditis_elegans,all life,other
YBR087W,51550,YBR087W,saccharomyces_cerevisiae,all life,other
ENSMUSG00000036632,51562,ENSMUSP00000035879,mus_musculus,all life,animal
b1211,51582,AAC74295,escherichia_coli,all life,unicellular
SPCC330.08,51646,SPCC330.08.1:pep,schizosaccharomyces_pombe,all life,unicellular
AT2G17510,51672,AT2G17510.2,arabidopsis_thaliana,all life,eukaryotic
ENSMUSG00000033166,51672,ENSMUSP00000041906,mus_musculus,all life,eukaryotic
SPBC26H8.10,51672,SPBC26H8.10.1:pep,schizosaccharomyces_pombe,all life,eukaryotic
WBGene00001001,51672,C04G2.6.2,caenorhabditis_elegans,all life,eukaryotic
YOL021C,51672,YOL021C,saccharomyces_cerevisiae,all life,eukaryotic
AT3G54660,51847,AT3G54660.1,arabidopsis_thaliana,all life,eukaryotic
YDR353W,51847,YDR353W,saccharomyces_cerevisiae,all life,eukaryotic
YGL018C,51971,YGL018C,saccharomyces_cerevisiae,all life,unicellular
b4160,52026,AAC77120,escherichia_coli,all life,other
ENSMUSG00000023452,52026,ENSMUSP00000051438,mus_musculus,all life,other
ENSMUSG00000055065,52107,ENSMUSP00000055535,mus_musculus,all life,eukaryotic
YNL112W,52107,YNL112W,saccharomyces_cerevisiae,all life,eukaryotic
ENSMUSG00000022407,52141,ENSMUSP00000023043,mus_musculus,all life,eukaryotic
YLR359W,52141,YLR359W,saccharomyces_cerevisiae,all life,eukaryotic
b0177,52200,AAC73288,escherichia_coli,all life,other
SPAC17C9.06,52200,SPAC17C9.06.1:pep,schizosaccharomyces_pombe,all life,other
WBGene00001662,52200,C34E10.1.1,caenorhabditis_elegans,all life,other
YNL026W,52200,YNL026W,saccharomyces_cerevisiae,all life,other
SPAC23H4.04,52223,SPAC23H4.04.1:pep,schizosaccharomyces_pombe,all life,unicellular
SPBC106.15,52271,SPBC106.15.1:pep,schizosaccharomyces_pombe,all life,unicellular
YPL117C,52271,YPL117C,saccharomyces_cerevisiae,all life,unicellular
SPBC106.15,52272,SPBC106.15.1:pep,schizosaccharomyces_pombe,all life,unicellular
YPL117C,52272,YPL117C,saccharomyces_cerevisiae,all life,unicellular
WBGene00009980,52279,F53F1.2.1,caenorhabditis_elegans,all life,animal
WBGene00009980,52280,F53F1.2.1,caenorhabditis_elegans,all life,animal
WBGene00009980,52281,F53F1.2.1,caenorhabditis_elegans,all life,animal
WBGene00009980,52282,F53F1.2.1,caenorhabditis_elegans,all life,animal
WBGene00009980,52283,F53F1.2.1,caenorhabditis_elegans,all life,animal
FBgn0020235,52303,FBpp0084906,drosophila_melanogaster,all life,animal
b3300,52312,AAC76325,escherichia_coli,all life,other
ENSDARG00000021669,52312,ENSDARP00000033318,danio_rerio,all life,other
SPBC354.02c,52312,SPBC354.02c.1:pep,schizosaccharomyces_pombe,all life,other
YLR378C,52312,YLR378C,saccharomyces_cerevisiae,all life,other
WBGene00020679,52472,T22B11.5a.1,caenorhabditis_elegans,all life,animal
AT1G08840,52522,AT1G08840.3,arabidopsis_thaliana,all life,eukaryotic
ENSMUSG00000036875,52522,ENSMUSP00000115750,mus_musculus,all life,eukaryotic
SPBC16D10.04c,52522,SPBC16D10.04c.1:pep,schizosaccharomyces_pombe,all life,eukaryotic
YHR164C,52522,YHR164C,saccharomyces_cerevisiae,all life,eukaryotic
YLR430W,52522,YLR430W,saccharomyces_cerevisiae,all life,eukaryotic
AT1G12770,52527,AT1G12770.2,arabidopsis_thaliana,all life,eukaryotic
AT1G59990,52527,AT1G59990.1,arabidopsis_thaliana,all life,eukaryotic
AT5G26742,52527,AT5G26742.2,arabidopsis_thaliana,all life,eukaryotic
SPBC12C2.06,52527,SPBC12C2.06.1:pep,schizosaccharomyces_pombe,all life,eukaryotic
SPCC10H11.01,52527,SPCC10H11.01.1:pep,schizosaccharomyces_pombe,all life,eukaryotic
SPCC1795.11,52527,SPCC1795.11.1:pep,schizosaccharomyces_pombe,all life,eukaryotic
WBGene00000479,52527,C07H6.5.1,caenorhabditis_elegans,all life,eukaryotic
WBGene00018997,52527,F57B9.3.1,caenorhabditis_elegans,all life,eukaryotic
YDL084W,52527,YDL084W,saccharomyces_cerevisiae,all life,eukaryotic
YOR046C,52527,YOR046C,saccharomyces_cerevisiae,all life,eukaryotic
YOR204W,52527,YOR204W,saccharomyces_cerevisiae,all life,eukaryotic
AT1G12770,52528,AT1G12770.2,arabidopsis_thaliana,all life,eukaryotic
AT1G59990,52528,AT1G59990.1,arabidopsis_thaliana,all life,eukaryotic
AT5G26742,52528,AT5G26742.2,arabidopsis_thaliana,all life,eukaryotic
ENSMUSG00000020075,52528,ENSMUSP00000042691,mus_musculus,all life,eukaryotic
SPBC12C2.06,52528,SPBC12C2.06.1:pep,schizosaccharomyces_pombe,all life,eukaryotic
SPCC10H11.01,52528,SPCC10H11.01.1:pep,schizosaccharomyces_pombe,all life,eukaryotic
SPCC1795.11,52528,SPCC1795.11.1:pep,schizosaccharomyces_pombe,all life,eukaryotic
WBGene00000479,52528,C07H6.5.1,caenorhabditis_elegans,all life,eukaryotic
WBGene00018997,52528,F57B9.3.1,caenorhabditis_elegans,all life,eukaryotic
YDL084W,52528,YDL084W,saccharomyces_cerevisiae,all life,eukaryotic
YOR046C,52528,YOR046C,saccharomyces_cerevisiae,all life,eukaryotic
YOR204W,52528,YOR204W,saccharomyces_cerevisiae,all life,eukaryotic
b4226,52544,AAC77183,escherichia_coli,all life,unicellular
SPAC23C11.05,52544,SPAC23C11.05.1:pep,schizosaccharomyces_pombe,all life,unicellular
YBR011C,52544,YBR011C,saccharomyces_cerevisiae,all life,unicellular
ENSMUSG00000039197,52595,ENSMUSP00000047665,mus_musculus,all life,animal
b2942,52620,AAC75979,escherichia_coli,all life,unicellular
SPBC14F5.05c,52620,SPBC14F5.05c.1:pep,schizosaccharomyces_pombe,all life,unicellular
ENSMUSG00000024899,52647,ENSMUSP00000025833,mus_musculus,all life,animal
AT3G55610,52706,AT3G55610.1,arabidopsis_thaliana,all life,multicellular
ENSMUSG00000025007,52706,ENSMUSP00000025979,mus_musculus,all life,multicellular
SPAC31G5.05c,52813,SPAC31G5.05c.1:pep,schizosaccharomyces_pombe,all life,unicellular
ENSMUSG00000030934,52921,ENSMUSP00000081544,mus_musculus,all life,animal
ENSMUSG00000030970,52929,ENSMUSP00000130294,mus_musculus,all life,animal
b1714,53010,AAC74784,escherichia_coli,all life,unicellular
SPCC736.03c,53010,SPCC736.03c.1:pep,schizosaccharomyces_pombe,all life,unicellular
ENSMUSG00000035936,53079,ENSMUSP00000040591,mus_musculus,all life,animal
SPAC1002.16c,53092,SPAC1002.16c.1:pep,schizosaccharomyces_pombe,all life,unicellular
YGR065C,53092,YGR065C,saccharomyces_cerevisiae,all life,unicellular
SPAC1002.16c,53093,SPAC1002.16c.1:pep,schizosaccharomyces_pombe,all life,unicellular
YGR065C,53093,YGR065C,saccharomyces_cerevisiae,all life,unicellular
SPAC1002.16c,53094,SPAC1002.16c.1:pep,schizosaccharomyces_pombe,all life,unicellular
YGR065C,53094,YGR065C,saccharomyces_cerevisiae,all life,unicellular
SPAC1002.16c,53095,SPAC1002.16c.1:pep,schizosaccharomyces_pombe,all life,unicellular
YGR065C,53095,YGR065C,saccharomyces_cerevisiae,all life,unicellular
AT1G32490,53224,AT1G32490.1,arabidopsis_thaliana,all life,eukaryotic
ENSDARG00000013150,53224,ENSDARP00000002154,danio_rerio,all life,eukaryotic
SPBC19C2.01,53224,SPBC19C2.01.1:pep,schizosaccharomyces_pombe,all life,eukaryotic
WBGene00003392,53224,C04H5.6a.1,caenorhabditis_elegans,all life,eukaryotic
YNR011C,53224,YNR011C,saccharomyces_cerevisiae,all life,eukaryotic
AT1G14610,53233,AT1G14610.1,arabidopsis_thaliana,all life,other
AT5G16715,53233,AT5G16715.1,arabidopsis_thaliana,all life,other
b4258,53233,AAC77215,escherichia_coli,all life,other
SPAC4A8.08c,53233,SPAC4A8.08c.1:pep,schizosaccharomyces_pombe,all life,other
SPBC1709.02c,53233,SPBC1709.02c.1:pep,schizosaccharomyces_pombe,all life,other
YGR094W,53233,YGR094W,saccharomyces_cerevisiae,all life,other
b0914,53322,AAC74000,escherichia_coli,all life,unicellular
b0914,53323,AAC74000,escherichia_coli,all life,unicellular
b0914,53326,AAC74000,escherichia_coli,all life,unicellular
b3298,53340,AAC76323,escherichia_coli,all life,other
FBgn0010411,53340,FBpp0085585,drosophila_melanogaster,all life,other
WBGene00004487,53340,Y57G11C.16.1,caenorhabditis_elegans,all life,other
AT3G54010,53381,AT3G54010.1,arabidopsis_thaliana,all life,multicellular
ENSMUSG00000024222,53381,ENSMUSP00000110440,mus_musculus,all life,multicellular
b3317,53475,AAC76342,escherichia_coli,all life,unicellular
SPCC16C4.15,53475,SPCC16C4.15.1:pep,schizosaccharomyces_pombe,all life,unicellular
b3317,53476,AAC76342,escherichia_coli,all life,unicellular
SPCC16C4.15,53476,SPCC16C4.15.1:pep,schizosaccharomyces_pombe,all life,unicellular
ENSMUSG00000049624,53606,ENSMUSP00000056182,mus_musculus,all life,eukaryotic
SPAC1002.16c,53606,SPAC1002.16c.1:pep,schizosaccharomyces_pombe,all life,eukaryotic
YGR065C,53606,YGR065C,saccharomyces_cerevisiae,all life,eukaryotic
ENSMUSG00000056131,53630,ENSMUSP00000070871,mus_musculus,all life,eukaryotic
WBGene00009006,53630,F21D5.1.1,caenorhabditis_elegans,all life,eukaryotic
YEL058W,53630,YEL058W,saccharomyces_cerevisiae,all life,eukaryotic
YML125C,53636,YML125C,saccharomyces_cerevisiae,all life,unicellular
AT2G30920,53685,AT2G30920.2,arabidopsis_thaliana,all life,multicellular
AT1G48175,53874,AT1G48175.4,arabidopsis_thaliana,all life,other
b0414,53874,AAC73517,escherichia_coli,all life,other
SPBC16D10.10,53874,SPBC16D10.10.1:pep,schizosaccharomyces_pombe,all life,other
SPBC21C3.10c,53874,SPBC21C3.10c.1:pep,schizosaccharomyces_pombe,all life,other
YJL035C,53874,YJL035C,saccharomyces_cerevisiae,all life,other
AT4G00620,53915,AT4G00620.1,arabidopsis_thaliana,all life,multicellular
ENSMUSG00000040675,53915,ENSMUSP00000112897,mus_musculus,all life,multicellular
b1211,53926,AAC74295,escherichia_coli,all life,other
ENSMUSG00000019774,53926,ENSMUSP00000019908,mus_musculus,all life,other
YDL004W,54042,YDL004W,saccharomyces_cerevisiae,all life,unicellular
b3316,54051,AAC76341,escherichia_coli,all life,other
ENSDARG00000070849,54051,ENSDARP00000095139,danio_rerio,all life,other
FBgn0034138,54051,FBpp0086269,drosophila_melanogaster,all life,other
WBGene00004484,54051,F36A2.6.1,caenorhabditis_elegans,all life,other
YOL040C,54051,YOL040C,saccharomyces_cerevisiae,all life,other
YJR017C,54281,YJR017C,saccharomyces_cerevisiae,all life,unicellular
b1288,54284,AAC74370,escherichia_coli,all life,unicellular
SPAC4H3.08,54284,SPAC4H3.08.1:pep,schizosaccharomyces_pombe,all life,unicellular
AT1G07320,54293,AT1G07320.1,arabidopsis_thaliana,all life,other
b3319,54293,AAC76344,escherichia_coli,all life,other
SPBC2D10.08c,54293,SPBC2D10.08c.1:pep,schizosaccharomyces_pombe,all life,other
SPAC17G6.14c,54432,SPAC17G6.14c.1:pep,schizosaccharomyces_pombe,all life,unicellular
YDL084W,54432,YDL084W,saccharomyces_cerevisiae,all life,unicellular
AT3G54010,54546,AT3G54010.1,arabidopsis_thaliana,all life,multicellular
ENSMUSG00000019428,54546,ENSMUSP00000114069,mus_musculus,all life,multicellular
SPBC543.06c,54560,SPBC543.06c.1:pep,schizosaccharomyces_pombe,all life,unicellular
YHR169W,54560,YHR169W,saccharomyces_cerevisiae,all life,unicellular
ENSMUSG00000030495,54648,ENSMUSP00000001854,mus_musculus,all life,animal
ENSMUSG00000036427,54656,ENSMUSP00000049355,mus_musculus,all life,eukaryotic
SPBC1604.05,54656,SPBC1604.05.1:pep,schizosaccharomyces_pombe,all life,eukaryotic
YBR196C,54656,YBR196C,saccharomyces_cerevisiae,all life,eukaryotic
b3342,54790,AAC76367,escherichia_coli,all life,unicellular
SPAC4F8.06,54790,SPAC4F8.06.1:pep,schizosaccharomyces_pombe,all life,unicellular
AT3G54010,54827,AT3G54010.1,arabidopsis_thaliana,all life,multicellular
SPBC115.01c,54863,SPBC115.01c.1:pep,schizosaccharomyces_pombe,all life,unicellular
YGR095C,54863,YGR095C,saccharomyces_cerevisiae,all life,unicellular
ENSMUSG00000030400,54981,ENSMUSP00000054380,mus_musculus,all life,eukaryotic
SPAC1D4.12,54981,SPAC1D4.12.1:pep,schizosaccharomyces_pombe,all life,eukaryotic
YER171W,54981,YER171W,saccharomyces_cerevisiae,all life,eukaryotic
ENSMUSG00000030826,55082,ENSMUSP00000033098,mus_musculus,all life,animal
ENSMUSG00000070570,55116,ENSMUSP00000082489,mus_musculus,all life,eukaryotic
SPAC1002.16c,55116,SPAC1002.16c.1:pep,schizosaccharomyces_pombe,all life,eukaryotic
YGR065C,55116,YGR065C,saccharomyces_cerevisiae,all life,eukaryotic
b3064,55464,AAC76100,escherichia_coli,all life,unicellular
YKR038C,55464,YKR038C,saccharomyces_cerevisiae,all life,unicellular
b3705,55555,AAC76728,escherichia_coli,all life,unicellular
ENSMUSG00000000958,55556,ENSMUSP00000143743,mus_musculus,all life,animal
b1288,55592,AAC74370,escherichia_coli,all life,unicellular
SPAC4H3.08,55592,SPAC4H3.08.1:pep,schizosaccharomyces_pombe,all life,unicellular
b1288,55593,AAC74370,escherichia_coli,all life,unicellular
SPAC4H3.08,55593,SPAC4H3.08.1:pep,schizosaccharomyces_pombe,all life,unicellular
b1288,55594,AAC74370,escherichia_coli,all life,unicellular
SPAC4H3.08,55594,SPAC4H3.08.1:pep,schizosaccharomyces_pombe,all life,unicellular
b2153,55741,AAC75214,escherichia_coli,all life,unicellular
SPAC17A5.13,55741,SPAC17A5.13.1:pep,schizosaccharomyces_pombe,all life,unicellular
YGR267C,55741,YGR267C,saccharomyces_cerevisiae,all life,unicellular
FBgn0024362,55756,FBpp0070202,drosophila_melanogaster,all life,animal
AT4G00620,55798,AT4G00620.1,arabidopsis_thaliana,all life,multicellular
ENSMUSG00000021048,55798,ENSMUSP00000021443,mus_musculus,all life,multicellular
AT3G54010,55850,AT3G54010.1,arabidopsis_thaliana,all life,multicellular
ENSMUSG00000021235,55875,ENSMUSP00000105905,mus_musculus,all life,animal
SPBC4F6.07c,55984,SPBC4F6.07c.1:pep,schizosaccharomyces_pombe,all life,unicellular
YBR142W,55984,YBR142W,saccharomyces_cerevisiae,all life,unicellular
WBGene00013029,56002,Y49E10.2.1,caenorhabditis_elegans,all life,animal
ENSDARG00000042894,56152,ENSDARP00000047068,danio_rerio,all life,eukaryotic
YOR074C,56152,YOR074C,saccharomyces_cerevisiae,all life,eukaryotic
AT4G39120,56192,AT4G39120.2,arabidopsis_thaliana,all life,other
b2533,56192,AAC75586,escherichia_coli,all life,other
SPCC1753.04,56192,SPCC1753.04.1:pep,schizosaccharomyces_pombe,all life,other
b2235,56445,AAC75295,escherichia_coli,all life,other
ENSDARG00000078069,56445,ENSDARP00000103553,danio_rerio,all life,other
ENSG00000171848,56445,ENSP00000353770,homo_sapiens,all life,other
ENSMUSG00000020649,56445,ENSMUSP00000020980,mus_musculus,all life,other
SPBC25D12.04,56445,SPBC25D12.04.1:pep,schizosaccharomyces_pombe,all life,other
YJL026W,56445,YJL026W,saccharomyces_cerevisiae,all life,other
ENSMUSG00000006641,56536,ENSMUSP00000110316,mus_musculus,all life,animal
WBGene00004259,56538,D2085.1.1,caenorhabditis_elegans,all life,animal
AT3G20440,56639,AT3G20440.2,arabidopsis_thaliana,all life,multicellular
ENSMUSG00000024131,56639,ENSMUSP00000024944,mus_musculus,all life,multicellular
ENSMUSG00000005667,56793,ENSMUSP00000005810,mus_musculus,all life,animal
b2942,56841,AAC75979,escherichia_coli,all life,other
ENSMUSG00000053907,56841,ENSMUSP00000087118,mus_musculus,all life,other
SPBC14F5.05c,56841,SPBC14F5.05c.1:pep,schizosaccharomyces_pombe,all life,other
AT3G04790,56875,AT3G04790.1,arabidopsis_thaliana,all life,eukaryotic
ENSMUSG00000053604,56875,ENSMUSP00000064158,mus_musculus,all life,eukaryotic
SPAC144.12,56875,SPAC144.12.1:pep,schizosaccharomyces_pombe,all life,eukaryotic
YOR095C,56875,YOR095C,saccharomyces_cerevisiae,all life,eukaryotic
b3303,56924,AAC76328,escherichia_coli,all life,other
ENSMUSG00000027374,56924,ENSMUSP00000028852,mus_musculus,all life,other
SPAC4G9.17c,56924,SPAC4G9.17c.1:pep,schizosaccharomyces_pombe,all life,other
WBGene00008452,56924,E02A10.1.1,caenorhabditis_elegans,all life,other
AT1G20960,56941,AT1G20960.1,arabidopsis_thaliana,all life,eukaryotic
ENSMUSG00000003660,56941,ENSMUSP00000099509,mus_musculus,all life,eukaryotic
SPAC9.03c,56941,SPAC9.03c.1:pep,schizosaccharomyces_pombe,all life,eukaryotic
YER172C,56941,YER172C,saccharomyces_cerevisiae,all life,eukaryotic
WBGene00003730,57001,B0495.4.1,caenorhabditis_elegans,all life,animal
ENSMUSG00000023945,57017,ENSMUSP00000093379,mus_musculus,all life,animal
b3987,57049,AAC76961,escherichia_coli,all life,other
ENSG00000125630,57049,ENSP00000444136,homo_sapiens,all life,other
ENSMUSG00000027395,57049,ENSMUSP00000099494,mus_musculus,all life,other
SPBP23A10.07,57049,SPBP23A10.07.1:pep,schizosaccharomyces_pombe,all life,other
YPR010C,57049,YPR010C,saccharomyces_cerevisiae,all life,other
ENSDARG00000030789,57072,ENSDARP00000048752,danio_rerio,all life,eukaryotic
SPAC1F7.02c,57072,SPAC1F7.02c.1:pep,schizosaccharomyces_pombe,all life,eukaryotic
YMR290C,57072,YMR290C,saccharomyces_cerevisiae,all life,eukaryotic
ENSMUSG00000026827,57188,ENSMUSP00000130992,mus_musculus,all life,animal
b0914,57237,AAC74000,escherichia_coli,all life,other
ENSMUSG00000027048,57237,ENSMUSP00000099770,mus_musculus,all life,other
AT3G54010,57305,AT3G54010.1,arabidopsis_thaliana,all life,multicellular
AT2G45270,57341,AT2G45270.1,arabidopsis_thaliana,all life,other
b3064,57341,AAC76100,escherichia_coli,all life,other
ENSG00000115484,57369,ENSP00000377958,homo_sapiens,all life,eukaryotic
ENSMUSG00000025980,57369,ENSMUSP00000027123,mus_musculus,all life,eukaryotic
SPAC12G12.04,57369,SPAC12G12.04.1:pep,schizosaccharomyces_pombe,all life,eukaryotic
YLR259C,57369,YLR259C,saccharomyces_cerevisiae,all life,eukaryotic
SPAC31G5.05c,57449,SPAC31G5.05c.1:pep,schizosaccharomyces_pombe,all life,unicellular
ENSMUSG00000026198,57508,ENSMUSP00000027396,mus_musculus,all life,animal
b1713,57536,AAC74783,escherichia_coli,all life,other
SPAC23A1.12c,57536,SPAC23A1.12c.1:pep,schizosaccharomyces_pombe,all life,other
WBGene00001498,57536,F22B5.9.1,caenorhabditis_elegans,all life,other
YLR060W,57536,YLR060W,saccharomyces_cerevisiae,all life,other
SPBC609.01,57587,SPBC609.01.1:pep,schizosaccharomyces_pombe,all life,unicellular
AT5G59440,57678,AT5G59440.3,arabidopsis_thaliana,all life,other
b1098,57678,AAC74182,escherichia_coli,all life,other
SPCC70.07c,57678,SPCC70.07c.1:pep,schizosaccharomyces_pombe,all life,other
YJR057W,57678,YJR057W,saccharomyces_cerevisiae,all life,other
ENSMUSG00000037373,57705,ENSMUSP00000078682,mus_musculus,all life,animal
b2614,57765,AAC75663,escherichia_coli,all life,other
SPBC3B9.19,57765,SPBC3B9.19.1:pep,schizosaccharomyces_pombe,all life,other
WBGene00007927,57765,C34C12.8.1,caenorhabditis_elegans,all life,other
YOR232W,57765,YOR232W,saccharomyces_cerevisiae,all life,other
ENSMUSG00000005107,57799,ENSMUSP00000063352,mus_musculus,all life,animal
SPBC32F12.10,57854,SPBC32F12.10.1:pep,schizosaccharomyces_pombe,all life,unicellular
b3305,57867,AAC76330,escherichia_coli,all life,other
ENSDARG00000037350,57867,ENSDARP00000121649,danio_rerio,all life,other
FBgn0015756,57867,FBpp0309201,drosophila_melanogaster,all life,other
WBGene00004420,57867,R13A5.8.1,caenorhabditis_elegans,all life,other
ENSMUSG00000029199,57868,ENSMUSP00000113228,mus_musculus,all life,eukaryotic
SPBC8D2.15,57868,SPBC8D2.15.1:pep,schizosaccharomyces_pombe,all life,eukaryotic
WBGene00010809,57868,M01F1.3.3,caenorhabditis_elegans,all life,eukaryotic
ENSDARG00000033539,57939,ENSDARP00000048163,danio_rerio,all life,animal
AT4G21710,57947,AT4G21710.1,arabidopsis_thaliana,all life,other
b3987,57947,AAC76961,escherichia_coli,all life,other
ENSG00000047315,57947,ENSP00000370625,homo_sapiens,all life,other
ENSG00000125630,57947,ENSP00000444136,homo_sapiens,all life,other
SPAC23G3.01,57947,SPAC23G3.01.1:pep,schizosaccharomyces_pombe,all life,other
WBGene00016140,57947,C26E6.4.1,caenorhabditis_elegans,all life,other
YOR151C,57947,YOR151C,saccharomyces_cerevisiae,all life,other
AT1G21970,58030,AT1G21970.1,arabidopsis_thaliana,all life,multicellular
AT1G21970,58031,AT1G21970.1,arabidopsis_thaliana,all life,multicellular
AT4G23660,58064,AT4G23660.3,arabidopsis_thaliana,all life,other
b4040,58064,AAC77010,escherichia_coli,all life,other
ENSMUSG00000029319,58064,ENSMUSP00000031262,mus_musculus,all life,other
b0175,58071,AAC73286,escherichia_coli,all life,unicellular
SPBC13A2.03,58071,SPBC13A2.03.1:pep,schizosaccharomyces_pombe,all life,unicellular
YBR029C,58071,YBR029C,saccharomyces_cerevisiae,all life,unicellular
b0168,58118,AAC73279,escherichia_coli,all life,unicellular
b4226,58150,AAC77183,escherichia_coli,all life,unicellular
SPAC23C11.05,58150,SPAC23C11.05.1:pep,schizosaccharomyces_pombe,all life,unicellular
YBR011C,58150,YBR011C,saccharomyces_cerevisiae,all life,unicellular
AT5G57590,58166,AT5G57590.1,arabidopsis_thaliana,all life,other
b0154,58166,AAC73265,escherichia_coli,all life,other
b3251,58226,AAC76283,escherichia_coli,all life,other
SPAC110.04c,58226,SPAC110.04c.1:pep,schizosaccharomyces_pombe,all life,other
SPAC1F5.06,58226,SPAC1F5.06.1:pep,schizosaccharomyces_pombe,all life,other
SPAC22A12.15c,58226,SPAC22A12.15c.1:pep,schizosaccharomyces_pombe,all life,other
WBGene00016250,58226,C30C11.4.2,caenorhabditis_elegans,all life,other
YJL034W,58226,YJL034W,saccharomyces_cerevisiae,all life,other
SPCC61.01c,58228,SPCC61.01c.1:pep,schizosaccharomyces_pombe,all life,unicellular
b0420,58335,AAC73523,escherichia_coli,all life,other
SPBC2G5.05,58335,SPBC2G5.05.1:pep,schizosaccharomyces_pombe,all life,other
WBGene00008506,58335,F01G10.1.2,caenorhabditis_elegans,all life,other
AT2G04842,58449,AT2G04842.1,arabidopsis_thaliana,all life,other
b1719,58449,AAC74789,escherichia_coli,all life,other
SPAC24C9.09,58449,SPAC24C9.09.1:pep,schizosaccharomyces_pombe,all life,other
ENSMUSG00000044442,58457,ENSMUSP00000061835,mus_musculus,all life,animal
AT3G55010,58502,AT3G55010.2,arabidopsis_thaliana,all life,multicellular
ENSG00000159131,58502,ENSP00000371253,homo_sapiens,all life,multicellular
ENSMUSG00000022962,58502,ENSMUSP00000023684,mus_musculus,all life,multicellular
ENSDARG00000001788,58505,ENSDARP00000003389,danio_rerio,all life,animal
ENSDARG00000001788,58508,ENSDARP00000003389,danio_rerio,all life,animal
b1288,58520,AAC74370,escherichia_coli,all life,unicellular
SPAC4H3.08,58520,SPAC4H3.08.1:pep,schizosaccharomyces_pombe,all life,unicellular
b1288,58521,AAC74370,escherichia_coli,all life,unicellular
SPAC4H3.08,58521,SPAC4H3.08.1:pep,schizosaccharomyces_pombe,all life,unicellular
AT2G25710,58527,AT2G25710.1,arabidopsis_thaliana,all life,other
b3973,58527,AAC76951,escherichia_coli,all life,other
SPBC30D10.07c,58527,SPBC30D10.07c.1:pep,schizosaccharomyces_pombe,all life,other
YDL141W,58527,YDL141W,saccharomyces_cerevisiae,all life,other
SPAC1002.16c,58564,SPAC1002.16c.1:pep,schizosaccharomyces_pombe,all life,unicellular
YGR065C,58564,YGR065C,saccharomyces_cerevisiae,all life,unicellular
ENSMUSG00000032788,58576,ENSMUSP00000038540,mus_musculus,all life,animal
ENSMUSG00000020277,58587,ENSMUSP00000020522,mus_musculus,all life,eukaryotic
SPBC16H5.02,58587,SPBC16H5.02.1:pep,schizosaccharomyces_pombe,all life,eukaryotic
ENSDARG00000038312,58648,ENSDARP00000055877,danio_rerio,all life,eukaryotic
SPAC12G12.06c,58648,SPAC12G12.06c.1:pep,schizosaccharomyces_pombe,all life,eukaryotic
WBGene00022852,58648,ZK1127.5.1,caenorhabditis_elegans,all life,eukaryotic
YOL010W,58648,YOL010W,saccharomyces_cerevisiae,all life,eukaryotic
ENSMUSG00000024827,58665,ENSMUSP00000025778,mus_musculus,all life,animal
SPBC32F12.10,58855,SPBC32F12.10.1:pep,schizosaccharomyces_pombe,all life,unicellular
AT4G03240,58861,AT4G03240.1,arabidopsis_thaliana,all life,eukaryotic
ENSMUSG00000059363,58861,ENSMUSP00000080081,mus_musculus,all life,eukaryotic
SPCC1183.03c,58861,SPCC1183.03c.1:pep,schizosaccharomyces_pombe,all life,eukaryotic
YDL120W,58861,YDL120W,saccharomyces_cerevisiae,all life,eukaryotic
ENSMUSG00000024640,58894,ENSMUSP00000025542,mus_musculus,all life,animal
ENSMUSG00000044792,58915,ENSMUSP00000054858,mus_musculus,all life,eukaryotic
FBgn0026666,58915,FBpp0304862,drosophila_melanogaster,all life,eukaryotic
SPCC645.03c,58915,SPCC645.03c.1:pep,schizosaccharomyces_pombe,all life,eukaryotic
SPCC61.01c,58958,SPCC61.01c.1:pep,schizosaccharomyces_pombe,all life,unicellular
ENSMUSG00000021456,58959,ENSMUSP00000021907,mus_musculus,all life,animal
ENSMUSG00000028367,59046,ENSMUSP00000030051,mus_musculus,all life,animal
ENSMUSG00000026864,59158,ENSMUSP00000028222,mus_musculus,all life,eukaryotic
SPAC1F5.06,59158,SPAC1F5.06.1:pep,schizosaccharomyces_pombe,all life,eukaryotic
WBGene00002008,59158,F43E2.8a.2,caenorhabditis_elegans,all life,eukaryotic
ENSMUSG00000026791,59169,ENSMUSP00000028129,mus_musculus,all life,animal
b2315,59181,AAC75375,escherichia_coli,all life,unicellular
SPBC1709.17,59181,SPBC1709.17.1:pep,schizosaccharomyces_pombe,all life,unicellular
ENSMUSG00000059316,59201,ENSMUSP00000078971,mus_musculus,all life,animal
AT4G33680,59215,AT4G33680.1,arabidopsis_thaliana,all life,multicellular
AT5G10330,59215,AT5G10330.1,arabidopsis_thaliana,all life,multicellular
AT4G33680,59216,AT4G33680.1,arabidopsis_thaliana,all life,multicellular
AT5G10330,59216,AT5G10330.1,arabidopsis_thaliana,all life,multicellular
AT1G08840,59260,AT1G08840.3,arabidopsis_thaliana,all life,eukaryotic
ENSMUSG00000043535,59260,ENSMUSP00000051492,mus_musculus,all life,eukaryotic
SPBC16D10.04c,59260,SPBC16D10.04c.1:pep,schizosaccharomyces_pombe,all life,eukaryotic
YHR164C,59260,YHR164C,saccharomyces_cerevisiae,all life,eukaryotic
YLR430W,59260,YLR430W,saccharomyces_cerevisiae,all life,eukaryotic
b0169,59303,AAC73280,escherichia_coli,all life,unicellular
SPAC24C9.10c,59303,SPAC24C9.10c.1:pep,schizosaccharomyces_pombe,all life,unicellular
AT4G30580,59329,AT4G30580.1,arabidopsis_thaliana,all life,other
b3018,59329,AAC76054,escherichia_coli,all life,other
ENSMUSG00000026922,59329,ENSMUSP00000028286,mus_musculus,all life,other
ENSMUSG00000025503,59419,ENSMUSP00000026576,mus_musculus,all life,animal
b0526,59467,AAC73628,escherichia_coli,all life,unicellular
SPAC29E6.06c,59467,SPAC29E6.06c.1:pep,schizosaccharomyces_pombe,all life,unicellular
YNL247W,59467,YNL247W,saccharomyces_cerevisiae,all life,unicellular
b2234,59479,AAC75294,escherichia_coli,all life,other
ENSDARG00000014017,59479,ENSDARP00000010800,danio_rerio,all life,other
SPAC1F7.05,59479,SPAC1F7.05.1:pep,schizosaccharomyces_pombe,all life,other
WBGene00004391,59479,T23G5.1.2,caenorhabditis_elegans,all life,other
ENSMUSG00000030500,59697,ENSMUSP00000032710,mus_musculus,all life,eukaryotic
SPAC1002.16c,59697,SPAC1002.16c.1:pep,schizosaccharomyces_pombe,all life,eukaryotic
YGR065C,59697,YGR065C,saccharomyces_cerevisiae,all life,eukaryotic
ENSMUSG00000027185,59740,ENSMUSP00000028608,mus_musculus,all life,eukaryotic
YNL132W,59740,YNL132W,saccharomyces_cerevisiae,all life,eukaryotic
AT4G33680,59766,AT4G33680.1,arabidopsis_thaliana,all life,multicellular
AT5G10330,59766,AT5G10330.1,arabidopsis_thaliana,all life,multicellular
SPBC1105.03c,59945,SPBC1105.03c.1:pep,schizosaccharomyces_pombe,all life,eukaryotic
WBGene00011412,59945,T04A8.11.1,caenorhabditis_elegans,all life,eukaryotic
ENSDARG00000056119,60009,ENSDARP00000072983,danio_rerio,all life,animal
AT3G20440,60039,AT3G20440.2,arabidopsis_thaliana,all life,multicellular
ENSMUSG00000010095,60039,ENSMUSP00000130194,mus_musculus,all life,multicellular
ENSMUSG00000024885,60212,ENSMUSP00000056276,mus_musculus,all life,animal
SPBC32F12.10,60282,SPBC32F12.10.1:pep,schizosaccharomyces_pombe,all life,unicellular
AT5G56680,60328,AT5G56680.1,arabidopsis_thaliana,all life,other
b0930,60328,AAC74016,escherichia_coli,all life,other
SPBC1198.10c,60328,SPBC1198.10c.1:pep,schizosaccharomyces_pombe,all life,other
SPAC1093.05,60449,SPAC1093.05.1:pep,schizosaccharomyces_pombe,all life,unicellular
YJL033W,60449,YJL033W,saccharomyces_cerevisiae,all life,unicellular
SPBC27B12.12c,60475,SPBC27B12.12c.1:pep,schizosaccharomyces_pombe,all life,unicellular
YOL130W,60475,YOL130W,saccharomyces_cerevisiae,all life,unicellular
ENSMUSG00000032026,60498,ENSMUSP00000034524,mus_musculus,all life,animal
AT1G12770,60543,AT1G12770.2,arabidopsis_thaliana,all life,eukaryotic
AT1G59990,60543,AT1G59990.1,arabidopsis_thaliana,all life,eukaryotic
AT5G26742,60543,AT5G26742.2,arabidopsis_thaliana,all life,eukaryotic
SPBC12C2.06,60543,SPBC12C2.06.1:pep,schizosaccharomyces_pombe,all life,eukaryotic
SPCC10H11.01,60543,SPCC10H11.01.1:pep,schizosaccharomyces_pombe,all life,eukaryotic
SPCC1795.11,60543,SPCC1795.11.1:pep,schizosaccharomyces_pombe,all life,eukaryotic
WBGene00000479,60543,C07H6.5.1,caenorhabditis_elegans,all life,eukaryotic
WBGene00018997,60543,F57B9.3.1,caenorhabditis_elegans,all life,eukaryotic
YDL084W,60543,YDL084W,saccharomyces_cerevisiae,all life,eukaryotic
YOR046C,60543,YOR046C,saccharomyces_cerevisiae,all life,eukaryotic
YOR204W,60543,YOR204W,saccharomyces_cerevisiae,all life,eukaryotic
ENSMUSG00000032114,60551,ENSMUSP00000150843,mus_musculus,all life,eukaryotic
SPAC1002.16c,60551,SPAC1002.16c.1:pep,schizosaccharomyces_pombe,all life,eukaryotic
YGR065C,60551,YGR065C,saccharomyces_cerevisiae,all life,eukaryotic
ENSMUSG00000032115,60552,ENSMUSP00000123700,mus_musculus,all life,eukaryotic
SPAC1F5.06,60552,SPAC1F5.06.1:pep,schizosaccharomyces_pombe,all life,eukaryotic
SPAC1002.16c,60629,SPAC1002.16c.1:pep,schizosaccharomyces_pombe,all life,unicellular
YGR065C,60629,YGR065C,saccharomyces_cerevisiae,all life,unicellular
AT1G12770,60643,AT1G12770.2,arabidopsis_thaliana,all life,eukaryotic
AT5G26742,60643,AT5G26742.2,arabidopsis_thaliana,all life,eukaryotic
ENSMUSG00000032101,60643,ENSMUSP00000034612,mus_musculus,all life,eukaryotic
WBGene00018997,60643,F57B9.3.1,caenorhabditis_elegans,all life,eukaryotic
YDL084W,60643,YDL084W,saccharomyces_cerevisiae,all life,eukaryotic
b3464,60648,AAC76489,escherichia_coli,all life,other
SPBC3B9.03,60648,SPBC3B9.03.1:pep,schizosaccharomyces_pombe,all life,other
WBGene00009521,60648,F38A1.8.1,caenorhabditis_elegans,all life,other
SPAC1071.10c,60752,SPAC1071.10c.1:pep,schizosaccharomyces_pombe,all life,unicellular
YGL008C,60752,YGL008C,saccharomyces_cerevisiae,all life,unicellular
b2779,60781,AAC75821,escherichia_coli,all life,unicellular
WBGene00009980,60879,F53F1.2.1,caenorhabditis_elegans,all life,animal
ENSMUSG00000020899,60894,ENSMUSP00000021282,mus_musculus,all life,animal
b1288,60913,AAC74370,escherichia_coli,all life,unicellular
SPAC4H3.08,60913,SPAC4H3.08.1:pep,schizosaccharomyces_pombe,all life,unicellular
ENSMUSG00000014245,60953,ENSMUSP00000014389,mus_musculus,all life,eukaryotic
SPAPB2B4.01c,60953,SPAPB2B4.01c.1:pep,schizosaccharomyces_pombe,all life,eukaryotic
YMR281W,60953,YMR281W,saccharomyces_cerevisiae,all life,eukaryotic
b1207,60993,AAC74291,escherichia_coli,all life,unicellular
b1288,61154,AAC74370,escherichia_coli,all life,unicellular
SPAC4H3.08,61154,SPAC4H3.08.1:pep,schizosaccharomyces_pombe,all life,unicellular
YGL171W,61163,YGL171W,saccharomyces_cerevisiae,all life,unicellular
AT3G54010,61294,AT3G54010.1,arabidopsis_thaliana,all life,multicellular
ENSMUSG00000001555,61294,ENSMUSP00000001595,mus_musculus,all life,multicellular
ENSG00000068120,61394,ENSP00000464814,homo_sapiens,all life,eukaryotic
SPCC14G10.01,61394,SPCC14G10.01.1:pep,schizosaccharomyces_pombe,all life,eukaryotic
YDR196C,61394,YDR196C,saccharomyces_cerevisiae,all life,eukaryotic
ENSG00000011052,61500,ENSP00000451932,homo_sapiens,all life,animal
ENSG00000011052,61501,ENSP00000451932,homo_sapiens,all life,animal
ENSMUSG00000020705,61590,ENSMUSP00000021046,mus_musculus,all life,animal
SPAC16E8.10c,61687,SPAC16E8.10c.1:pep,schizosaccharomyces_pombe,all life,unicellular
b1207,61722,AAC74291,escherichia_coli,all life,unicellular
WBGene00018007,61767,F33D11.10.1,caenorhabditis_elegans,all life,eukaryotic
YDR021W,61767,YDR021W,saccharomyces_cerevisiae,all life,eukaryotic
AT5G14800,61805,AT5G14800.1,arabidopsis_thaliana,all life,eukaryotic
SPAPYUG7.05,61805,SPAPYUG7.05.1:pep,schizosaccharomyces_pombe,all life,eukaryotic
YER023W,61805,YER023W,saccharomyces_cerevisiae,all life,eukaryotic
b3301,62125,AAC76326,escherichia_coli,all life,unicellular
SPBC9B6.06,62125,SPBC9B6.06.1:pep,schizosaccharomyces_pombe,all life,unicellular
SPBC2G2.04c,62290,SPBC2G2.04c.1:pep,schizosaccharomyces_pombe,all life,unicellular
YIL051C,62290,YIL051C,saccharomyces_cerevisiae,all life,unicellular
b2235,62310,AAC75295,escherichia_coli,all life,other
ENSG00000171848,62310,ENSP00000353770,homo_sapiens,all life,other
ENSMUSG00000022292,62310,ENSMUSP00000022901,mus_musculus,all life,other
SPBC25D12.04,62310,SPBC25D12.04.1:pep,schizosaccharomyces_pombe,all life,other
YJL026W,62310,YJL026W,saccharomyces_cerevisiae,all life,other
SPAC1486.06,62452,SPAC1486.06.1:pep,schizosaccharomyces_pombe,all life,unicellular
SPAC3G9.10c,62472,SPAC3G9.10c.1:pep,schizosaccharomyces_pombe,all life,unicellular
YGR195W,62472,YGR195W,saccharomyces_cerevisiae,all life,unicellular
AT2G18020,62505,AT2G18020.1,arabidopsis_thaliana,all life,other
b3317,62505,AAC76342,escherichia_coli,all life,other
WBGene00004413,62505,B0250.1.1,caenorhabditis_elegans,all life,other
b1207,62615,AAC74291,escherichia_coli,all life,unicellular
SPCC1620.06c,62615,SPCC1620.06c.1:pep,schizosaccharomyces_pombe,all life,unicellular
AT3G54010,62677,AT3G54010.1,arabidopsis_thaliana,all life,multicellular
ENSMUSG00000004655,62689,ENSMUSP00000004774,mus_musculus,all life,animal
ENSMUSG00000004655,62690,ENSMUSP00000004774,mus_musculus,all life,animal
AT3G54010,62700,AT3G54010.1,arabidopsis_thaliana,all life,multicellular
ENSG00000011052,62717,ENSP00000451932,homo_sapiens,all life,animal
ENSDARG00000020913,62764,ENSDARP00000035846,danio_rerio,all life,eukaryotic
SPCC1494.06c,62764,SPCC1494.06c.1:pep,schizosaccharomyces_pombe,all life,eukaryotic
YLR276C,62764,YLR276C,saccharomyces_cerevisiae,all life,eukaryotic
ENSMUSG00000020456,62766,ENSMUSP00000091041,mus_musculus,all life,animal
WBGene00020679,62766,T22B11.5a.1,caenorhabditis_elegans,all life,animal
ENSMUSG00000071866,62768,ENSMUSP00000117987,mus_musculus,all life,animal
ENSMUSG00000029446,62807,ENSMUSP00000031399,mus_musculus,all life,animal
ENSDARG00000069501,62860,ENSDARP00000091982,danio_rerio,all life,animal
AT5G13710,62863,AT5G13710.1,arabidopsis_thaliana,all life,eukaryotic
SPBC16E9.05,62863,SPBC16E9.05.1:pep,schizosaccharomyces_pombe,all life,eukaryotic
AT1G63160,62869,AT1G63160.1,arabidopsis_thaliana,all life,other
b0470,62869,AAC73572,escherichia_coli,all life,other
b1099,62869,AAC74183,escherichia_coli,all life,other
SPAC1687.03c,62869,SPAC1687.03c.1:pep,schizosaccharomyces_pombe,all life,other
YOL094C,62869,YOL094C,saccharomyces_cerevisiae,all life,other
b0914,62926,AAC74000,escherichia_coli,all life,other
ENSMUSG00000040584,62926,ENSMUSP00000041204,mus_musculus,all life,other
ENSMUSG00000029017,63097,ENSMUSP00000030882,mus_musculus,all life,eukaryotic
SPBP23A10.15c,63097,SPBP23A10.15c.1:pep,schizosaccharomyces_pombe,all life,eukaryotic
YLR163C,63097,YLR163C,saccharomyces_cerevisiae,all life,eukaryotic
SPBC2F12.14c,63194,SPBC2F12.14c.1:pep,schizosaccharomyces_pombe,all life,unicellular
WBGene00009980,63236,F53F1.2.1,caenorhabditis_elegans,all life,animal
WBGene00009980,63237,F53F1.2.1,caenorhabditis_elegans,all life,animal
WBGene00009980,63238,F53F1.2.1,caenorhabditis_elegans,all life,animal
ENSMUSG00000029862,63364,ENSMUSP00000031894,mus_musculus,all life,animal
YER036C,63440,YER036C,saccharomyces_cerevisiae,all life,unicellular
YER036C,63441,YER036C,saccharomyces_cerevisiae,all life,unicellular
b3640,63682,AAC76664,escherichia_coli,all life,unicellular
SPAC644.05c,63682,SPAC644.05c.1:pep,schizosaccharomyces_pombe,all life,unicellular
YBR252W,63682,YBR252W,saccharomyces_cerevisiae,all life,unicellular
ENSMUSG00000013584,63741,ENSMUSP00000034723,mus_musculus,all life,animal
ENSMUSG00000032383,63776,ENSMUSP00000034947,mus_musculus,all life,animal
ENSMUSG00000032294,63844,ENSMUSP00000034834,mus_musculus,all life,eukaryotic
SPAC4H3.10c,63844,SPAC4H3.10c.1:pep,schizosaccharomyces_pombe,all life,eukaryotic
YAL038W,63844,YAL038W,saccharomyces_cerevisiae,all life,eukaryotic
ENSMUSG00000032306,63884,ENSMUSP00000034856,mus_musculus,all life,eukaryotic
SPBC2G2.16,63884,SPBC2G2.16.1:pep,schizosaccharomyces_pombe,all life,eukaryotic
WBGene00015464,63884,C05C8.7.4,caenorhabditis_elegans,all life,eukaryotic
YER003C,63884,YER003C,saccharomyces_cerevisiae,all life,eukaryotic
WBGene00009664,63919,F43G9.1.2,caenorhabditis_elegans,all life,animal
SPBP4H10.15,63924,SPBP4H10.15.1:pep,schizosaccharomyces_pombe,all life,unicellular
ENSMUSG00000066442,63937,ENSMUSP00000082354,mus_musculus,all life,animal
ENSMUSG00000066442,63938,ENSMUSP00000082354,mus_musculus,all life,animal
ENSMUSG00000030528,64022,ENSMUSP00000127995,mus_musculus,all life,animal
AT2G04842,64060,AT2G04842.1,arabidopsis_thaliana,all life,other
b1719,64060,AAC74789,escherichia_coli,all life,other
SPAC24C9.09,64060,SPAC24C9.09.1:pep,schizosaccharomyces_pombe,all life,other
SPBC19C7.06,64060,SPBC19C7.06.1:pep,schizosaccharomyces_pombe,all life,other
SPBC25H2.02,64060,SPBC25H2.02.1:pep,schizosaccharomyces_pombe,all life,other
YHR020W,64060,YHR020W,saccharomyces_cerevisiae,all life,other
YIL078W,64060,YIL078W,saccharomyces_cerevisiae,all life,other
AT3G54010,64081,AT3G54010.1,arabidopsis_thaliana,all life,multicellular
ENSMUSG00000030357,64081,ENSMUSP00000032508,mus_musculus,all life,multicellular
b1779,64122,AAC74849,escherichia_coli,all life,other
ENSMUSG00000057666,64122,ENSMUSP00000113942,mus_musculus,all life,other
b2779,64144,AAC75821,escherichia_coli,all life,unicellular
ENSMUSG00000003153,64166,ENSMUSP00000032476,mus_musculus,all life,animal
ENSMUSG00000003153,64167,ENSMUSP00000032476,mus_musculus,all life,animal
SPAC823.08c,64246,SPAC823.08c.1:pep,schizosaccharomyces_pombe,all life,eukaryotic
WBGene00012059,64246,T26G10.1.1,caenorhabditis_elegans,all life,eukaryotic
YHR065C,64246,YHR065C,saccharomyces_cerevisiae,all life,eukaryotic
ENSMUSG00000035842,64335,ENSMUSP00000130440,mus_musculus,all life,animal
AT3G02660,64345,AT3G02660.2,arabidopsis_thaliana,all life,other
b1637,64345,AAC74709,escherichia_coli,all life,other
SPCC576.06c,64345,SPCC576.06c.1:pep,schizosaccharomyces_pombe,all life,other
SPAC20G8.03,64354,SPAC20G8.03.1:pep,schizosaccharomyces_pombe,all life,unicellular
ENSMUSG00000033065,64388,ENSMUSP00000059801,mus_musculus,all life,eukaryotic
SPBC16H5.02,64388,SPBC16H5.02.1:pep,schizosaccharomyces_pombe,all life,eukaryotic
SPCC63.11,64403,SPCC63.11.1:pep,schizosaccharomyces_pombe,all life,eukaryotic
WBGene00017162,64403,F01F1.7.1,caenorhabditis_elegans,all life,eukaryotic
YDR243C,64403,YDR243C,saccharomyces_cerevisiae,all life,eukaryotic
AT3G54010,64407,AT3G54010.1,arabidopsis_thaliana,all life,multicellular
ENSMUSG00000023013,64434,ENSMUSP00000023752,mus_musculus,all life,animal
ENSMUSG00000044217,64435,ENSMUSP00000127611,mus_musculus,all life,animal
ENSMUSG00000023030,64450,ENSMUSP00000023774,mus_musculus,all life,animal
AT5G13710,64565,AT5G13710.1,arabidopsis_thaliana,all life,eukaryotic
SPBC16E9.05,64565,SPBC16E9.05.1:pep,schizosaccharomyces_pombe,all life,eukaryotic
b0168,64586,AAC73279,escherichia_coli,all life,unicellular
b0168,64587,AAC73279,escherichia_coli,all life,unicellular
ENSMUSG00000005683,64598,ENSMUSP00000005826,mus_musculus,all life,animal
WBGene00000833,64598,T20G5.2.1,caenorhabditis_elegans,all life,animal
b2114,64637,AAC75175,escherichia_coli,all life,other
ENSDARG00000034396,64637,ENSDARP00000123109,danio_rerio,all life,other
ENSG00000166986,64637,ENSP00000262027,homo_sapiens,all life,other
SPBC17A3.04c,64637,SPBC17A3.04c.1:pep,schizosaccharomyces_pombe,all life,other
YGR264C,64637,YGR264C,saccharomyces_cerevisiae,all life,other
SPAC1002.16c,64809,SPAC1002.16c.1:pep,schizosaccharomyces_pombe,all life,unicellular
YGR065C,64809,YGR065C,saccharomyces_cerevisiae,all life,unicellular
AT3G54660,64838,AT3G54660.1,arabidopsis_thaliana,all life,eukaryotic
ENSMUSG00000020250,64838,ENSMUSP00000152046,mus_musculus,all life,eukaryotic
YDR353W,64838,YDR353W,saccharomyces_cerevisiae,all life,eukaryotic
b3987,64850,AAC76961,escherichia_coli,all life,other
ENSG00000047315,64850,ENSP00000370625,homo_sapiens,all life,other
ENSG00000125630,64850,ENSP00000444136,homo_sapiens,all life,other
SPAC4G9.08c,64850,SPAC4G9.08c.1:pep,schizosaccharomyces_pombe,all life,other
WBGene00017300,64850,F09F7.3.2,caenorhabditis_elegans,all life,other
YOR207C,64850,YOR207C,saccharomyces_cerevisiae,all life,other
FBgn0037637,64864,FBpp0081412,drosophila_melanogaster,all life,animal
ENSG00000174437,64888,ENSP00000440045,homo_sapiens,all life,eukaryotic
ENSMUSG00000029467,64888,ENSMUSP00000031423,mus_musculus,all life,eukaryotic
SPAC1071.10c,64888,SPAC1071.10c.1:pep,schizosaccharomyces_pombe,all life,eukaryotic
YGL008C,64888,YGL008C,saccharomyces_cerevisiae,all life,eukaryotic
ENSMUSG00000029599,64924,ENSMUSP00000031598,mus_musculus,all life,eukaryotic
SPAC31A2.07c,64924,SPAC31A2.07c.1:pep,schizosaccharomyces_pombe,all life,eukaryotic
YDL031W,64924,YDL031W,saccharomyces_cerevisiae,all life,eukaryotic
AT1G77470,64946,AT1G77470.1,arabidopsis_thaliana,all life,other
b0470,64946,AAC73572,escherichia_coli,all life,other
b1099,64946,AAC74183,escherichia_coli,all life,other
ENSDARG00000035634,64946,ENSDARP00000051669,danio_rerio,all life,other
SPAC27E2.10c,64946,SPAC27E2.10c.1:pep,schizosaccharomyces_pombe,all life,other
YNL290W,64946,YNL290W,saccharomyces_cerevisiae,all life,other
ENSDARG00000009864,65031,ENSDARP00000020323,danio_rerio,all life,eukaryotic
ENSMUSG00000029389,65031,ENSMUSP00000070279,mus_musculus,all life,eukaryotic
SPBC24C6.02,65031,SPBC24C6.02.1:pep,schizosaccharomyces_pombe,all life,eukaryotic
YFL002C,65031,YFL002C,saccharomyces_cerevisiae,all life,eukaryotic
ENSDARG00000025854,65062,ENSDARP00000029445,danio_rerio,all life,eukaryotic
ENSMUSG00000029504,65062,ENSMUSP00000031478,mus_musculus,all life,eukaryotic
SPCC285.03,65062,SPCC285.03.1:pep,schizosaccharomyces_pombe,all life,eukaryotic
YNR038W,65062,YNR038W,saccharomyces_cerevisiae,all life,eukaryotic
ENSMUSG00000028931,65162,ENSMUSP00000125058,mus_musculus,all life,animal
WBGene00009980,65162,F53F1.2.1,caenorhabditis_elegans,all life,animal
b2779,65191,AAC75821,escherichia_coli,all life,other
ENSG00000074800,65191,ENSP00000495530,homo_sapiens,all life,other
ENSMUSG00000063524,65191,ENSMUSP00000079727,mus_musculus,all life,other
SPBC660.16,65208,SPBC660.16.1:pep,schizosaccharomyces_pombe,all life,unicellular
SPAC1F3.01,65219,SPAC1F3.01.1:pep,schizosaccharomyces_pombe,all life,unicellular
ENSG00000174437,65308,ENSP00000440045,homo_sapiens,all life,eukaryotic
SPAC1071.10c,65308,SPAC1071.10c.1:pep,schizosaccharomyces_pombe,all life,eukaryotic
YGL008C,65308,YGL008C,saccharomyces_cerevisiae,all life,eukaryotic
ENSMUSG00000009863,65309,ENSMUSP00000010007,mus_musculus,all life,animal
WBGene00006433,65309,F42A8.2.2,caenorhabditis_elegans,all life,animal
WBGene00009980,65327,F53F1.2.1,caenorhabditis_elegans,all life,animal
WBGene00009980,65328,F53F1.2.1,caenorhabditis_elegans,all life,animal
WBGene00009980,65329,F53F1.2.1,caenorhabditis_elegans,all life,animal
ENSDARG00000043509,65385,ENSDARP00000063869,danio_rerio,all life,animal
WBGene00004422,65385,T22F3.4a.1,caenorhabditis_elegans,all life,animal
ENSMUSG00000028672,65390,ENSMUSP00000030432,mus_musculus,all life,animal
b0174,65438,AAC73285,escherichia_coli,all life,unicellular
SPAC4D7.04c,65438,SPAC4D7.04c.1:pep,schizosaccharomyces_pombe,all life,unicellular
YBR002C,65438,YBR002C,saccharomyces_cerevisiae,all life,unicellular
ENSMUSG00000028854,65452,ENSMUSP00000030669,mus_musculus,all life,animal
WBGene00003730,65452,B0495.4.1,caenorhabditis_elegans,all life,animal
SPCC895.03c,65589,SPCC895.03c.1:pep,schizosaccharomyces_pombe,all life,unicellular
YGL169W,65589,YGL169W,saccharomyces_cerevisiae,all life,unicellular
ENSMUSG00000043207,65620,ENSMUSP00000053900,mus_musculus,all life,animal
AT3G12670,65631,AT3G12670.1,arabidopsis_thaliana,all life,other
b2780,65631,AAC75822,escherichia_coli,all life,other
SPAC10F6.03c,65631,SPAC10F6.03c.1:pep,schizosaccharomyces_pombe,all life,other
WBGene00012316,65631,W06H3.3.1,caenorhabditis_elegans,all life,other
ENSMUSG00000028645,65653,ENSMUSP00000030398,mus_musculus,all life,animal
ENSMUSG00000028683,65691,ENSMUSP00000102056,mus_musculus,all life,eukaryotic
SPAC4D7.09,65691,SPAC4D7.09.1:pep,schizosaccharomyces_pombe,all life,eukaryotic
YOR260W,65691,YOR260W,saccharomyces_cerevisiae,all life,eukaryotic
SPBC30D10.02,65960,SPBC30D10.02.1:pep,schizosaccharomyces_pombe,all life,unicellular
YDR397C,65960,YDR397C,saccharomyces_cerevisiae,all life,unicellular
SPCC61.01c,65984,SPCC61.01c.1:pep,schizosaccharomyces_pombe,all life,unicellular
ENSMUSG00000089911,65985,ENSMUSP00000029570,mus_musculus,all life,eukaryotic
SPCC61.01c,65985,SPCC61.01c.1:pep,schizosaccharomyces_pombe,all life,eukaryotic
AT3G20440,66001,AT3G20440.2,arabidopsis_thaliana,all life,multicellular
AT3G20440,66002,AT3G20440.2,arabidopsis_thaliana,all life,multicellular
AT3G20440,66003,AT3G20440.2,arabidopsis_thaliana,all life,multicellular
AT3G20440,66004,AT3G20440.2,arabidopsis_thaliana,all life,multicellular
AT3G20440,66005,AT3G20440.2,arabidopsis_thaliana,all life,multicellular
b0893,66025,AAC73979,escherichia_coli,all life,other
ENSDARG00000008237,66025,ENSDARP00000015775,danio_rerio,all life,other
SPAC29A4.15,66025,SPAC29A4.15.1:pep,schizosaccharomyces_pombe,all life,other
WBGene00005663,66025,C47E12.1.1,caenorhabditis_elegans,all life,other
YDR023W,66025,YDR023W,saccharomyces_cerevisiae,all life,other
ENSDARG00000002791,66114,ENSDARP00000075490,danio_rerio,all life,eukaryotic
ENSG00000174437,66114,ENSP00000440045,homo_sapiens,all life,eukaryotic
ENSMUSG00000033161,66114,ENSMUSP00000039657,mus_musculus,all life,eukaryotic
SPAC1071.10c,66114,SPAC1071.10c.1:pep,schizosaccharomyces_pombe,all life,eukaryotic
YGL008C,66114,YGL008C,saccharomyces_cerevisiae,all life,eukaryotic
b3384,66128,AAC76409,escherichia_coli,all life,other
ENSMUSG00000004233,66128,ENSMUSP00000004343,mus_musculus,all life,other
SPAC3G9.13c,66128,SPAC3G9.13c.1:pep,schizosaccharomyces_pombe,all life,other
AT4G26500,66205,AT4G26500.1,arabidopsis_thaliana,all life,multicellular
ENSG00000174437,66482,ENSP00000440045,homo_sapiens,all life,eukaryotic
ENSMUSG00000007097,66482,ENSMUSP00000083077,mus_musculus,all life,eukaryotic
SPAC1071.10c,66482,SPAC1071.10c.1:pep,schizosaccharomyces_pombe,all life,eukaryotic
YGL008C,66482,YGL008C,saccharomyces_cerevisiae,all life,eukaryotic
ENSG00000174437,66483,ENSP00000440045,homo_sapiens,all life,eukaryotic
ENSMUSG00000007107,66483,ENSMUSP00000106874,mus_musculus,all life,eukaryotic
SPAC1071.10c,66483,SPAC1071.10c.1:pep,schizosaccharomyces_pombe,all life,eukaryotic
YGL008C,66483,YGL008C,saccharomyces_cerevisiae,all life,eukaryotic
ENSMUSG00000026675,66544,ENSMUSP00000027989,mus_musculus,all life,eukaryotic
SPBC1709.07,66544,SPBC1709.07.1:pep,schizosaccharomyces_pombe,all life,eukaryotic
WBGene00000969,66544,F56D1.5.1,caenorhabditis_elegans,all life,eukaryotic
YLR100W,66544,YLR100W,saccharomyces_cerevisiae,all life,eukaryotic
b1866,66618,AAC74936,escherichia_coli,all life,other
ENSMUSG00000026709,66618,ENSMUSP00000041851,mus_musculus,all life,other
b3307,66625,AAC76332,escherichia_coli,all life,unicellular
SPAC23H3.07c,66625,SPAC23H3.07c.1:pep,schizosaccharomyces_pombe,all life,unicellular
ENSG00000174437,66768,ENSP00000440045,homo_sapiens,all life,eukaryotic
ENSMUSG00000026463,66768,ENSMUSP00000119242,mus_musculus,all life,eukaryotic
SPAC1071.10c,66768,SPAC1071.10c.1:pep,schizosaccharomyces_pombe,all life,eukaryotic
YGL008C,66768,YGL008C,saccharomyces_cerevisiae,all life,eukaryotic
b1288,66833,AAC74370,escherichia_coli,all life,unicellular
SPAC4H3.08,66833,SPAC4H3.08.1:pep,schizosaccharomyces_pombe,all life,unicellular
ENSMUSG00000026615,66880,ENSMUSP00000045841,mus_musculus,all life,eukaryotic
SPAC17A5.15c,66880,SPAC17A5.15c.1:pep,schizosaccharomyces_pombe,all life,eukaryotic
YGL245W,66880,YGL245W,saccharomyces_cerevisiae,all life,eukaryotic
ENSG00000166986,66882,ENSP00000262027,homo_sapiens,all life,eukaryotic
SPCC18B5.08c,66882,SPCC18B5.08c.1:pep,schizosaccharomyces_pombe,all life,eukaryotic
AT5G14800,66917,AT5G14800.1,arabidopsis_thaliana,all life,eukaryotic
SPAPYUG7.05,66917,SPAPYUG7.05.1:pep,schizosaccharomyces_pombe,all life,eukaryotic
YER023W,66917,YER023W,saccharomyces_cerevisiae,all life,eukaryotic
AT5G14800,66918,AT5G14800.1,arabidopsis_thaliana,all life,eukaryotic
SPAPYUG7.05,66918,SPAPYUG7.05.1:pep,schizosaccharomyces_pombe,all life,eukaryotic
YER023W,66918,YER023W,saccharomyces_cerevisiae,all life,eukaryotic
SPBC1198.05,66941,SPBC1198.05.1:pep,schizosaccharomyces_pombe,all life,unicellular
YDR454C,66941,YDR454C,saccharomyces_cerevisiae,all life,unicellular
SPAC21E11.07,66943,SPAC21E11.07.1:pep,schizosaccharomyces_pombe,all life,unicellular
ENSMUSG00000031974,66955,ENSMUSP00000075011,mus_musculus,all life,animal
ENSMUSG00000026526,67011,ENSMUSP00000027810,mus_musculus,all life,animal
ENSDARG00000012399,67025,ENSDARP00000118803,danio_rerio,all life,animal
ENSMUSG00000036636,67160,ENSMUSP00000035964,mus_musculus,all life,animal
AT5G50960,67298,AT5G50960.1,arabidopsis_thaliana,all life,eukaryotic
ENSMUSG00000022503,67298,ENSMUSP00000023146,mus_musculus,all life,eukaryotic
SPAC637.08,67298,SPAC637.08.1:pep,schizosaccharomyces_pombe,all life,eukaryotic
YGL091C,67298,YGL091C,saccharomyces_cerevisiae,all life,eukaryotic
AT2G31060,67314,AT2G31060.3,arabidopsis_thaliana,all life,eukaryotic
ENSG00000103342,67314,ENSP00000398131,homo_sapiens,all life,eukaryotic
ENSG00000156508,67314,ENSP00000339063,homo_sapiens,all life,eukaryotic
SPCC584.04,67314,SPCC584.04.1:pep,schizosaccharomyces_pombe,all life,eukaryotic
YDR172W,67314,YDR172W,saccharomyces_cerevisiae,all life,eukaryotic
YER025W,67314,YER025W,saccharomyces_cerevisiae,all life,eukaryotic
b3306,67348,AAC76331,escherichia_coli,all life,other
ENSDARG00000010160,67348,ENSDARP00000108197,danio_rerio,all life,other
FBgn0010198,67348,FBpp0073625,drosophila_melanogaster,all life,other
WBGene00018963,67388,F56D2.1c.1,caenorhabditis_elegans,all life,animal
b2400,67403,AAC75457,escherichia_coli,all life,other
ENSMUSG00000030871,67403,ENSMUSP00000033159,mus_musculus,all life,other
SPAPB1A10.11c,67403,SPAPB1A10.11c.1:pep,schizosaccharomyces_pombe,all life,other
ENSMUSG00000042289,67523,ENSMUSP00000036245,mus_musculus,all life,animal
AT4G33680,67567,AT4G33680.1,arabidopsis_thaliana,all life,multicellular
AT5G10330,67567,AT5G10330.1,arabidopsis_thaliana,all life,multicellular
WBGene00003730,67698,B0495.4.1,caenorhabditis_elegans,all life,animal
SPBC211.08c,67766,SPBC211.08c.1:pep,schizosaccharomyces_pombe,all life,unicellular
YGR158C,67766,YGR158C,saccharomyces_cerevisiae,all life,unicellular
ENSMUSG00000031960,67767,ENSMUSP00000034441,mus_musculus,all life,eukaryotic
SPAC23C11.09,67767,SPAC23C11.09.1:pep,schizosaccharomyces_pombe,all life,eukaryotic
WBGene00000197,67767,F28H1.3.4,caenorhabditis_elegans,all life,eukaryotic
YOR335C,67767,YOR335C,saccharomyces_cerevisiae,all life,eukaryotic
AT1G12770,67768,AT1G12770.2,arabidopsis_thaliana,all life,eukaryotic
AT5G26742,67768,AT5G26742.2,arabidopsis_thaliana,all life,eukaryotic
ENSDARG00000005699,67768,ENSDARP00000003250,danio_rerio,all life,eukaryotic
SPBC12C2.06,67768,SPBC12C2.06.1:pep,schizosaccharomyces_pombe,all life,eukaryotic
WBGene00018997,67768,F57B9.3.1,caenorhabditis_elegans,all life,eukaryotic
YDL084W,67768,YDL084W,saccharomyces_cerevisiae,all life,eukaryotic
YOR046C,67768,YOR046C,saccharomyces_cerevisiae,all life,eukaryotic
AT1G12770,67769,AT1G12770.2,arabidopsis_thaliana,all life,eukaryotic
AT5G26742,67769,AT5G26742.2,arabidopsis_thaliana,all life,eukaryotic
ENSDARG00000005699,67769,ENSDARP00000003250,danio_rerio,all life,eukaryotic
SPBC12C2.06,67769,SPBC12C2.06.1:pep,schizosaccharomyces_pombe,all life,eukaryotic
WBGene00018997,67769,F57B9.3.1,caenorhabditis_elegans,all life,eukaryotic
YDL084W,67769,YDL084W,saccharomyces_cerevisiae,all life,eukaryotic
YOR046C,67769,YOR046C,saccharomyces_cerevisiae,all life,eukaryotic
AT1G12770,67770,AT1G12770.2,arabidopsis_thaliana,all life,eukaryotic
AT5G26742,67770,AT5G26742.2,arabidopsis_thaliana,all life,eukaryotic
ENSDARG00000005699,67770,ENSDARP00000003250,danio_rerio,all life,eukaryotic
SPBC12C2.06,67770,SPBC12C2.06.1:pep,schizosaccharomyces_pombe,all life,eukaryotic
WBGene00018997,67770,F57B9.3.1,caenorhabditis_elegans,all life,eukaryotic
YDL084W,67770,YDL084W,saccharomyces_cerevisiae,all life,eukaryotic
YOR046C,67770,YOR046C,saccharomyces_cerevisiae,all life,eukaryotic
ENSMUSG00000031948,67823,ENSMUSP00000126268,mus_musculus,all life,eukaryotic
SPBC17G9.03c,67823,SPBC17G9.03c.1:pep,schizosaccharomyces_pombe,all life,eukaryotic
YDR037W,67823,YDR037W,saccharomyces_cerevisiae,all life,eukaryotic
SPBP19A11.01,67842,SPBP19A11.01.1:pep,schizosaccharomyces_pombe,all life,unicellular
SPBP19A11.01,67845,SPBP19A11.01.1:pep,schizosaccharomyces_pombe,all life,unicellular
SPBP19A11.01,67846,SPBP19A11.01.1:pep,schizosaccharomyces_pombe,all life,unicellular
ENSG00000174437,67868,ENSP00000440045,homo_sapiens,all life,eukaryotic
SPAC1071.10c,67868,SPAC1071.10c.1:pep,schizosaccharomyces_pombe,all life,eukaryotic
YGL008C,67868,YGL008C,saccharomyces_cerevisiae,all life,eukaryotic
ENSMUSG00000040010,67894,ENSMUSP00000041557,mus_musculus,all life,animal
ENSMUSG00000036123,67946,ENSMUSP00000038142,mus_musculus,all life,animal
WBGene00003730,67946,B0495.4.1,caenorhabditis_elegans,all life,animal
SPAC6F12.16c,68109,SPAC6F12.16c.1:pep,schizosaccharomyces_pombe,all life,unicellular
YJL050W,68109,YJL050W,saccharomyces_cerevisiae,all life,unicellular
AT1G12770,68112,AT1G12770.2,arabidopsis_thaliana,all life,multicellular
AT5G26742,68112,AT5G26742.2,arabidopsis_thaliana,all life,multicellular
ENSMUSG00000021758,68112,ENSMUSP00000096769,mus_musculus,all life,multicellular
AT1G62750,68190,AT1G62750.1,arabidopsis_thaliana,all life,other
b3340,68190,AAC76365,escherichia_coli,all life,other
ENSG00000103342,68190,ENSP00000398131,homo_sapiens,all life,other
ENSG00000156508,68190,ENSP00000339063,homo_sapiens,all life,other
AT1G12770,68410,AT1G12770.2,arabidopsis_thaliana,all life,eukaryotic
AT5G26742,68410,AT5G26742.2,arabidopsis_thaliana,all life,eukaryotic
SPCC10H11.01,68410,SPCC10H11.01.1:pep,schizosaccharomyces_pombe,all life,eukaryotic
WBGene00018997,68410,F57B9.3.1,caenorhabditis_elegans,all life,eukaryotic
YDL084W,68410,YDL084W,saccharomyces_cerevisiae,all life,eukaryotic
ENSDARG00000003035,68445,ENSDARP00000003744,danio_rerio,all life,eukaryotic
ENSMUSG00000024359,68445,ENSMUSP00000025217,mus_musculus,all life,eukaryotic
SPAC664.11,68445,SPAC664.11.1:pep,schizosaccharomyces_pombe,all life,eukaryotic
WBGene00002010,68445,C37H5.8.1,caenorhabditis_elegans,all life,eukaryotic
YJR045C,68445,YJR045C,saccharomyces_cerevisiae,all life,eukaryotic
b2514,68482,AAC75567,escherichia_coli,all life,unicellular
SPBC2G2.12,68482,SPBC2G2.12.1:pep,schizosaccharomyces_pombe,all life,unicellular
YPR033C,68482,YPR033C,saccharomyces_cerevisiae,all life,unicellular
b2514,68483,AAC75567,escherichia_coli,all life,unicellular
SPBC2G2.12,68483,SPBC2G2.12.1:pep,schizosaccharomyces_pombe,all life,unicellular
YPR033C,68483,YPR033C,saccharomyces_cerevisiae,all life,unicellular
b2614,68587,AAC75663,escherichia_coli,all life,other
SPBC3B9.19,68587,SPBC3B9.19.1:pep,schizosaccharomyces_pombe,all life,other
WBGene00007927,68587,C34C12.8.1,caenorhabditis_elegans,all life,other
YOR232W,68587,YOR232W,saccharomyces_cerevisiae,all life,other
ENSMUSG00000018339,68614,ENSMUSP00000081011,mus_musculus,all life,animal
AT5G57590,68765,AT5G57590.1,arabidopsis_thaliana,all life,other
b0154,68765,AAC73265,escherichia_coli,all life,other
b3056,68812,AAC76092,escherichia_coli,all life,other
ENSDARG00000075297,68812,ENSDARP00000097969,danio_rerio,all life,other
SPAC1093.04c,68812,SPAC1093.04c.1:pep,schizosaccharomyces_pombe,all life,other
SPCC645.10,68812,SPCC645.10.1:pep,schizosaccharomyces_pombe,all life,other
YER168C,68812,YER168C,saccharomyces_cerevisiae,all life,other
ENSG00000174437,68857,ENSP00000440045,homo_sapiens,all life,eukaryotic
ENSMUSG00000030302,68857,ENSMUSP00000098605,mus_musculus,all life,eukaryotic
SPAC1071.10c,68857,SPAC1071.10c.1:pep,schizosaccharomyces_pombe,all life,eukaryotic
YGL008C,68857,YGL008C,saccharomyces_cerevisiae,all life,eukaryotic
ENSMUSG00000030314,68861,ENSMUSP00000133215,mus_musculus,all life,animal
AT3G10690,68922,AT3G10690.1,arabidopsis_thaliana,all life,other
b2231,68922,AAC75291,escherichia_coli,all life,other
b3030,68922,AAC76066,escherichia_coli,all life,other
b3699,68922,AAT48201,escherichia_coli,all life,other
ENSG00000131747,68922,ENSP00000411532,homo_sapiens,all life,other
ENSMUSG00000017485,68922,ENSMUSP00000017629,mus_musculus,all life,other
SPBC1A4.03c,68922,SPBC1A4.03c.1:pep,schizosaccharomyces_pombe,all life,other
WBGene00010785,68922,K12D12.1.1,caenorhabditis_elegans,all life,other
WBGene00022854,68922,ZK1127.7.1,caenorhabditis_elegans,all life,other
YNL088W,68922,YNL088W,saccharomyces_cerevisiae,all life,other
ENSMUSG00000032498,68960,ENSMUSP00000035079,mus_musculus,all life,animal
AT4G04350,69039,AT4G04350.1,arabidopsis_thaliana,all life,other
b0642,69039,AAC73743,escherichia_coli,all life,other
ENSG00000166986,69039,ENSP00000262027,homo_sapiens,all life,other
SPAC4G8.09,69039,SPAC4G8.09.1:pep,schizosaccharomyces_pombe,all life,other
b0680,69106,AAC73774,escherichia_coli,all life,other
ENSDARG00000010316,69106,ENSDARP00000060918,danio_rerio,all life,other
SPBC342.02,69106,SPBC342.02.1:pep,schizosaccharomyces_pombe,all life,other
YOR168W,69106,YOR168W,saccharomyces_cerevisiae,all life,other
ENSMUSG00000032607,69118,ENSMUSP00000035230,mus_musculus,all life,animal
ENSMUSG00000032607,69119,ENSMUSP00000035230,mus_musculus,all life,animal
AT2G39770,69127,AT2G39770.1,arabidopsis_thaliana,all life,eukaryotic
SPCC1906.01,69127,SPCC1906.01.1:pep,schizosaccharomyces_pombe,all life,eukaryotic
WBGene00016583,69127,C42C1.5.2,caenorhabditis_elegans,all life,eukaryotic
YDL055C,69127,YDL055C,saccharomyces_cerevisiae,all life,eukaryotic
SPBC1604.21c,69131,SPBC1604.21c.1:pep,schizosaccharomyces_pombe,all life,unicellular
YKL210W,69131,YKL210W,saccharomyces_cerevisiae,all life,unicellular
YPR180W,69131,YPR180W,saccharomyces_cerevisiae,all life,unicellular
ENSMUSG00000032786,69184,ENSMUSP00000117014,mus_musculus,all life,eukaryotic
SPAC21E11.08,69184,SPAC21E11.08.1:pep,schizosaccharomyces_pombe,all life,eukaryotic
SPAC2F3.09,69184,SPAC2F3.09.1:pep,schizosaccharomyces_pombe,all life,eukaryotic
YDR062W,69184,YDR062W,saccharomyces_cerevisiae,all life,eukaryotic
YDR232W,69184,YDR232W,saccharomyces_cerevisiae,all life,eukaryotic
b0420,69216,AAC73523,escherichia_coli,all life,other
ENSMUSG00000021957,69216,ENSMUSP00000022529,mus_musculus,all life,other
SPBC2G5.05,69216,SPBC2G5.05.1:pep,schizosaccharomyces_pombe,all life,other
WBGene00008506,69216,F01G10.1.2,caenorhabditis_elegans,all life,other
ENSMUSG00000030061,69271,ENSMUSP00000086701,mus_musculus,all life,eukaryotic
SPAC24H6.12c,69271,SPAC24H6.12c.1:pep,schizosaccharomyces_pombe,all life,eukaryotic
AT3G54660,69482,AT3G54660.1,arabidopsis_thaliana,all life,eukaryotic
YDR353W,69482,YDR353W,saccharomyces_cerevisiae,all life,eukaryotic
b3300,69493,AAC76325,escherichia_coli,all life,other
ENSDARG00000021669,69493,ENSDARP00000033318,danio_rerio,all life,other
SPBC354.02c,69493,SPBC354.02c.1:pep,schizosaccharomyces_pombe,all life,other
YLR378C,69493,YLR378C,saccharomyces_cerevisiae,all life,other
b3320,69527,AAC76345,escherichia_coli,all life,other
SPAC644.17c,69527,SPAC644.17c.1:pep,schizosaccharomyces_pombe,all life,other
WBGene00016142,69527,C26E6.6.1,caenorhabditis_elegans,all life,other
ENSG00000011052,69563,ENSP00000451932,homo_sapiens,all life,animal
SPAP7G5.02c,69652,SPAP7G5.02c.1:pep,schizosaccharomyces_pombe,all life,unicellular
WBGene00009980,69653,F53F1.2.1,caenorhabditis_elegans,all life,animal
SPCC61.01c,69665,SPCC61.01c.1:pep,schizosaccharomyces_pombe,all life,unicellular
ENSMUSG00000027690,69707,ENSMUSP00000029240,mus_musculus,all life,animal
SPAC8C9.15c,69754,SPAC8C9.15c.1:pep,schizosaccharomyces_pombe,all life,unicellular
YDR211W,69754,YDR211W,saccharomyces_cerevisiae,all life,unicellular
AT1G21690,69793,AT1G21690.3,arabidopsis_thaliana,all life,other
b0470,69793,AAC73572,escherichia_coli,all life,other
b1099,69793,AAC74183,escherichia_coli,all life,other
ENSDARG00000042458,69793,ENSDARP00000130135,danio_rerio,all life,other
ENSG00000163918,69793,ENSP00000376272,homo_sapiens,all life,other
SPAC23D3.02,69793,SPAC23D3.02.1:pep,schizosaccharomyces_pombe,all life,other
WBGene00004340,69793,F31E3.3.1,caenorhabditis_elegans,all life,other
YJR068W,69793,YJR068W,saccharomyces_cerevisiae,all life,other
ENSG00000174437,69819,ENSP00000440045,homo_sapiens,all life,eukaryotic
SPAC1071.10c,69819,SPAC1071.10c.1:pep,schizosaccharomyces_pombe,all life,eukaryotic
YGL008C,69819,YGL008C,saccharomyces_cerevisiae,all life,eukaryotic
ENSG00000174437,69820,ENSP00000440045,homo_sapiens,all life,eukaryotic
SPAC1071.10c,69820,SPAC1071.10c.1:pep,schizosaccharomyces_pombe,all life,eukaryotic
YGL008C,69820,YGL008C,saccharomyces_cerevisiae,all life,eukaryotic
ENSG00000174437,69826,ENSP00000440045,homo_sapiens,all life,eukaryotic
SPAC1071.10c,69826,SPAC1071.10c.1:pep,schizosaccharomyces_pombe,all life,eukaryotic
YGL008C,69826,YGL008C,saccharomyces_cerevisiae,all life,eukaryotic
